country_code,country_name,indicator_id,indicator_name,index_id,index_name,value,year
#country+code,#country+name,#indicator+id,#indicator+name,#index+id,#index+name,#indicator+value+num,#date+year
SDN,Sudan,abr,"Adolescent Birth Rate (births per 1,000 women ages 15-19)",GII,Gender Inequality Index,92.397,1990
SDN,Sudan,abr,"Adolescent Birth Rate (births per 1,000 women ages 15-19)",GII,Gender Inequality Index,94.01,1991
SDN,Sudan,abr,"Adolescent Birth Rate (births per 1,000 women ages 15-19)",GII,Gender Inequality Index,96.144,1992
SDN,Sudan,abr,"Adolescent Birth Rate (births per 1,000 women ages 15-19)",GII,Gender Inequality Index,98.251,1993
SDN,Sudan,abr,"Adolescent Birth Rate (births per 1,000 women ages 15-19)",GII,Gender Inequality Index,99.98,1994
SDN,Sudan,abr,"Adolescent Birth Rate (births per 1,000 women ages 15-19)",GII,Gender Inequality Index,101.439,1995
SDN,Sudan,abr,"Adolescent Birth Rate (births per 1,000 women ages 15-19)",GII,Gender Inequality Index,100.864,1996
SDN,Sudan,abr,"Adolescent Birth Rate (births per 1,000 women ages 15-19)",GII,Gender Inequality Index,100.704,1997
SDN,Sudan,abr,"Adolescent Birth Rate (births per 1,000 women ages 15-19)",GII,Gender Inequality Index,100.669,1998
SDN,Sudan,abr,"Adolescent Birth Rate (births per 1,000 women ages 15-19)",GII,Gender Inequality Index,101.641,1999
SDN,Sudan,abr,"Adolescent Birth Rate (births per 1,000 women ages 15-19)",GII,Gender Inequality Index,101.881,2000
SDN,Sudan,abr,"Adolescent Birth Rate (births per 1,000 women ages 15-19)",GII,Gender Inequality Index,102.986,2001
SDN,Sudan,abr,"Adolescent Birth Rate (births per 1,000 women ages 15-19)",GII,Gender Inequality Index,102.96,2002
SDN,Sudan,abr,"Adolescent Birth Rate (births per 1,000 women ages 15-19)",GII,Gender Inequality Index,101.597,2003
SDN,Sudan,abr,"Adolescent Birth Rate (births per 1,000 women ages 15-19)",GII,Gender Inequality Index,96.037,2004
SDN,Sudan,abr,"Adolescent Birth Rate (births per 1,000 women ages 15-19)",GII,Gender Inequality Index,89.53,2005
SDN,Sudan,abr,"Adolescent Birth Rate (births per 1,000 women ages 15-19)",GII,Gender Inequality Index,93.886,2006
SDN,Sudan,abr,"Adolescent Birth Rate (births per 1,000 women ages 15-19)",GII,Gender Inequality Index,98.717,2007
SDN,Sudan,abr,"Adolescent Birth Rate (births per 1,000 women ages 15-19)",GII,Gender Inequality Index,99.498,2008
SDN,Sudan,abr,"Adolescent Birth Rate (births per 1,000 women ages 15-19)",GII,Gender Inequality Index,99.88,2009
SDN,Sudan,abr,"Adolescent Birth Rate (births per 1,000 women ages 15-19)",GII,Gender Inequality Index,99.723,2010
SDN,Sudan,abr,"Adolescent Birth Rate (births per 1,000 women ages 15-19)",GII,Gender Inequality Index,97.272,2011
SDN,Sudan,abr,"Adolescent Birth Rate (births per 1,000 women ages 15-19)",GII,Gender Inequality Index,95.102,2012
SDN,Sudan,abr,"Adolescent Birth Rate (births per 1,000 women ages 15-19)",GII,Gender Inequality Index,95.306,2013
SDN,Sudan,abr,"Adolescent Birth Rate (births per 1,000 women ages 15-19)",GII,Gender Inequality Index,94.746,2014
SDN,Sudan,abr,"Adolescent Birth Rate (births per 1,000 women ages 15-19)",GII,Gender Inequality Index,93.526,2015
SDN,Sudan,abr,"Adolescent Birth Rate (births per 1,000 women ages 15-19)",GII,Gender Inequality Index,91.01,2016
SDN,Sudan,abr,"Adolescent Birth Rate (births per 1,000 women ages 15-19)",GII,Gender Inequality Index,88.583,2017
SDN,Sudan,abr,"Adolescent Birth Rate (births per 1,000 women ages 15-19)",GII,Gender Inequality Index,85.721,2018
SDN,Sudan,abr,"Adolescent Birth Rate (births per 1,000 women ages 15-19)",GII,Gender Inequality Index,84.673,2019
SDN,Sudan,abr,"Adolescent Birth Rate (births per 1,000 women ages 15-19)",GII,Gender Inequality Index,82.208,2020
SDN,Sudan,abr,"Adolescent Birth Rate (births per 1,000 women ages 15-19)",GII,Gender Inequality Index,79.908,2021
SDN,Sudan,abr,"Adolescent Birth Rate (births per 1,000 women ages 15-19)",GII,Gender Inequality Index,77.58,2022
SDN,Sudan,assets,Assets (%),MPI,Multidimensional Poverty Index,6.017,2014
SDN,Sudan,child_mortality,Child mortality (%),MPI,Multidimensional Poverty Index,3.316,2014
SDN,Sudan,co2_prod,Carbon dioxide emissions per capita (production) (tonnes),PHDI,Planetary pressures–adjusted Human Development Index,0.226,1990
SDN,Sudan,co2_prod,Carbon dioxide emissions per capita (production) (tonnes),PHDI,Planetary pressures–adjusted Human Development Index,0.208,1991
SDN,Sudan,co2_prod,Carbon dioxide emissions per capita (production) (tonnes),PHDI,Planetary pressures–adjusted Human Development Index,0.183,1992
SDN,Sudan,co2_prod,Carbon dioxide emissions per capita (production) (tonnes),PHDI,Planetary pressures–adjusted Human Development Index,0.124,1993
SDN,Sudan,co2_prod,Carbon dioxide emissions per capita (production) (tonnes),PHDI,Planetary pressures–adjusted Human Development Index,0.169,1994
SDN,Sudan,co2_prod,Carbon dioxide emissions per capita (production) (tonnes),PHDI,Planetary pressures–adjusted Human Development Index,0.170,1995
SDN,Sudan,co2_prod,Carbon dioxide emissions per capita (production) (tonnes),PHDI,Planetary pressures–adjusted Human Development Index,0.171,1996
SDN,Sudan,co2_prod,Carbon dioxide emissions per capita (production) (tonnes),PHDI,Planetary pressures–adjusted Human Development Index,0.205,1997
SDN,Sudan,co2_prod,Carbon dioxide emissions per capita (production) (tonnes),PHDI,Planetary pressures–adjusted Human Development Index,0.174,1998
SDN,Sudan,co2_prod,Carbon dioxide emissions per capita (production) (tonnes),PHDI,Planetary pressures–adjusted Human Development Index,0.185,1999
SDN,Sudan,co2_prod,Carbon dioxide emissions per capita (production) (tonnes),PHDI,Planetary pressures–adjusted Human Development Index,0.201,2000
SDN,Sudan,co2_prod,Carbon dioxide emissions per capita (production) (tonnes),PHDI,Planetary pressures–adjusted Human Development Index,0.223,2001
SDN,Sudan,co2_prod,Carbon dioxide emissions per capita (production) (tonnes),PHDI,Planetary pressures–adjusted Human Development Index,0.276,2002
SDN,Sudan,co2_prod,Carbon dioxide emissions per capita (production) (tonnes),PHDI,Planetary pressures–adjusted Human Development Index,0.301,2003
SDN,Sudan,co2_prod,Carbon dioxide emissions per capita (production) (tonnes),PHDI,Planetary pressures–adjusted Human Development Index,0.376,2004
SDN,Sudan,co2_prod,Carbon dioxide emissions per capita (production) (tonnes),PHDI,Planetary pressures–adjusted Human Development Index,0.356,2005
SDN,Sudan,co2_prod,Carbon dioxide emissions per capita (production) (tonnes),PHDI,Planetary pressures–adjusted Human Development Index,0.380,2006
SDN,Sudan,co2_prod,Carbon dioxide emissions per capita (production) (tonnes),PHDI,Planetary pressures–adjusted Human Development Index,0.434,2007
SDN,Sudan,co2_prod,Carbon dioxide emissions per capita (production) (tonnes),PHDI,Planetary pressures–adjusted Human Development Index,0.441,2008
SDN,Sudan,co2_prod,Carbon dioxide emissions per capita (production) (tonnes),PHDI,Planetary pressures–adjusted Human Development Index,0.448,2009
SDN,Sudan,co2_prod,Carbon dioxide emissions per capita (production) (tonnes),PHDI,Planetary pressures–adjusted Human Development Index,0.445,2010
SDN,Sudan,co2_prod,Carbon dioxide emissions per capita (production) (tonnes),PHDI,Planetary pressures–adjusted Human Development Index,0.426,2011
SDN,Sudan,co2_prod,Carbon dioxide emissions per capita (production) (tonnes),PHDI,Planetary pressures–adjusted Human Development Index,0.433,2012
SDN,Sudan,co2_prod,Carbon dioxide emissions per capita (production) (tonnes),PHDI,Planetary pressures–adjusted Human Development Index,0.473,2013
SDN,Sudan,co2_prod,Carbon dioxide emissions per capita (production) (tonnes),PHDI,Planetary pressures–adjusted Human Development Index,0.474,2014
SDN,Sudan,co2_prod,Carbon dioxide emissions per capita (production) (tonnes),PHDI,Planetary pressures–adjusted Human Development Index,0.555,2015
SDN,Sudan,co2_prod,Carbon dioxide emissions per capita (production) (tonnes),PHDI,Planetary pressures–adjusted Human Development Index,0.509,2016
SDN,Sudan,co2_prod,Carbon dioxide emissions per capita (production) (tonnes),PHDI,Planetary pressures–adjusted Human Development Index,0.504,2017
SDN,Sudan,co2_prod,Carbon dioxide emissions per capita (production) (tonnes),PHDI,Planetary pressures–adjusted Human Development Index,0.518,2018
SDN,Sudan,co2_prod,Carbon dioxide emissions per capita (production) (tonnes),PHDI,Planetary pressures–adjusted Human Development Index,0.504,2019
SDN,Sudan,co2_prod,Carbon dioxide emissions per capita (production) (tonnes),PHDI,Planetary pressures–adjusted Human Development Index,0.462,2020
SDN,Sudan,co2_prod,Carbon dioxide emissions per capita (production) (tonnes),PHDI,Planetary pressures–adjusted Human Development Index,0.486,2021
SDN,Sudan,co2_prod,Carbon dioxide emissions per capita (production) (tonnes),PHDI,Planetary pressures–adjusted Human Development Index,0.486,2022
SDN,Sudan,coef_ineq,Coefficient of human inequality,IHDI,Inequality-adjusted Human Development Index,38.906,2010
SDN,Sudan,coef_ineq,Coefficient of human inequality,IHDI,Inequality-adjusted Human Development Index,38.744,2011
SDN,Sudan,coef_ineq,Coefficient of human inequality,IHDI,Inequality-adjusted Human Development Index,38.562,2012
SDN,Sudan,coef_ineq,Coefficient of human inequality,IHDI,Inequality-adjusted Human Development Index,38.446,2013
SDN,Sudan,coef_ineq,Coefficient of human inequality,IHDI,Inequality-adjusted Human Development Index,36.896,2014
SDN,Sudan,coef_ineq,Coefficient of human inequality,IHDI,Inequality-adjusted Human Development Index,36.710,2015
SDN,Sudan,coef_ineq,Coefficient of human inequality,IHDI,Inequality-adjusted Human Development Index,36.558,2016
SDN,Sudan,coef_ineq,Coefficient of human inequality,IHDI,Inequality-adjusted Human Development Index,36.344,2017
SDN,Sudan,coef_ineq,Coefficient of human inequality,IHDI,Inequality-adjusted Human Development Index,36.169,2018
SDN,Sudan,coef_ineq,Coefficient of human inequality,IHDI,Inequality-adjusted Human Development Index,36.015,2019
SDN,Sudan,coef_ineq,Coefficient of human inequality,IHDI,Inequality-adjusted Human Development Index,35.761,2020
SDN,Sudan,coef_ineq,Coefficient of human inequality,IHDI,Inequality-adjusted Human Development Index,35.592,2021
SDN,Sudan,coef_ineq,Coefficient of human inequality,IHDI,Inequality-adjusted Human Development Index,35.396,2022
SDN,Sudan,cooking_fuel,Cooking fuel (%),MPI,Multidimensional Poverty Index,8.713,2014
SDN,Sudan,diff_hdi_phdi,Difference from HDI value (%),PHDI,Planetary pressures–adjusted Human Development Index,2.410,2012
SDN,Sudan,diff_hdi_phdi,Difference from HDI value (%),PHDI,Planetary pressures–adjusted Human Development Index,2.584,2013
SDN,Sudan,diff_hdi_phdi,Difference from HDI value (%),PHDI,Planetary pressures–adjusted Human Development Index,2.348,2014
SDN,Sudan,diff_hdi_phdi,Difference from HDI value (%),PHDI,Planetary pressures–adjusted Human Development Index,2.335,2015
SDN,Sudan,diff_hdi_phdi,Difference from HDI value (%),PHDI,Planetary pressures–adjusted Human Development Index,2.515,2016
SDN,Sudan,diff_hdi_phdi,Difference from HDI value (%),PHDI,Planetary pressures–adjusted Human Development Index,2.692,2017
SDN,Sudan,diff_hdi_phdi,Difference from HDI value (%),PHDI,Planetary pressures–adjusted Human Development Index,2.308,2018
SDN,Sudan,diff_hdi_phdi,Difference from HDI value (%),PHDI,Planetary pressures–adjusted Human Development Index,1.919,2019
SDN,Sudan,diff_hdi_phdi,Difference from HDI value (%),PHDI,Planetary pressures–adjusted Human Development Index,1.931,2020
SDN,Sudan,diff_hdi_phdi,Difference from HDI value (%),PHDI,Planetary pressures–adjusted Human Development Index,1.938,2021
SDN,Sudan,diff_hdi_phdi,Difference from HDI value (%),PHDI,Planetary pressures–adjusted Human Development Index,1.938,2022
SDN,Sudan,drinking_water,Drinking water (%),MPI,Multidimensional Poverty Index,7.119,2014
SDN,Sudan,electricity,Electricity (%),MPI,Multidimensional Poverty Index,8.471,2014
SDN,Sudan,eys,Expected Years of Schooling (years),HDI,Human Development Index,3.575,1990
SDN,Sudan,eys,Expected Years of Schooling (years),HDI,Human Development Index,3.716,1991
SDN,Sudan,eys,Expected Years of Schooling (years),HDI,Human Development Index,3.863,1992
SDN,Sudan,eys,Expected Years of Schooling (years),HDI,Human Development Index,4.016,1993
SDN,Sudan,eys,Expected Years of Schooling (years),HDI,Human Development Index,4.175,1994
SDN,Sudan,eys,Expected Years of Schooling (years),HDI,Human Development Index,4.340,1995
SDN,Sudan,eys,Expected Years of Schooling (years),HDI,Human Development Index,4.512,1996
SDN,Sudan,eys,Expected Years of Schooling (years),HDI,Human Development Index,4.690,1997
SDN,Sudan,eys,Expected Years of Schooling (years),HDI,Human Development Index,4.875,1998
SDN,Sudan,eys,Expected Years of Schooling (years),HDI,Human Development Index,5.068,1999
SDN,Sudan,eys,Expected Years of Schooling (years),HDI,Human Development Index,5.268,2000
SDN,Sudan,eys,Expected Years of Schooling (years),HDI,Human Development Index,5.477,2001
SDN,Sudan,eys,Expected Years of Schooling (years),HDI,Human Development Index,5.597,2002
SDN,Sudan,eys,Expected Years of Schooling (years),HDI,Human Development Index,5.778,2003
SDN,Sudan,eys,Expected Years of Schooling (years),HDI,Human Development Index,6.160,2004
SDN,Sudan,eys,Expected Years of Schooling (years),HDI,Human Development Index,6.340,2005
SDN,Sudan,eys,Expected Years of Schooling (years),HDI,Human Development Index,6.645,2006
SDN,Sudan,eys,Expected Years of Schooling (years),HDI,Human Development Index,6.609,2007
SDN,Sudan,eys,Expected Years of Schooling (years),HDI,Human Development Index,7.160,2008
SDN,Sudan,eys,Expected Years of Schooling (years),HDI,Human Development Index,7.389,2009
SDN,Sudan,eys,Expected Years of Schooling (years),HDI,Human Development Index,7.418,2010
SDN,Sudan,eys,Expected Years of Schooling (years),HDI,Human Development Index,7.157,2011
SDN,Sudan,eys,Expected Years of Schooling (years),HDI,Human Development Index,7.530,2012
SDN,Sudan,eys,Expected Years of Schooling (years),HDI,Human Development Index,7.826,2013
SDN,Sudan,eys,Expected Years of Schooling (years),HDI,Human Development Index,7.872,2014
SDN,Sudan,eys,Expected Years of Schooling (years),HDI,Human Development Index,7.932,2015
SDN,Sudan,eys,Expected Years of Schooling (years),HDI,Human Development Index,8.043,2016
SDN,Sudan,eys,Expected Years of Schooling (years),HDI,Human Development Index,8.155,2017
SDN,Sudan,eys,Expected Years of Schooling (years),HDI,Human Development Index,8.269,2018
SDN,Sudan,eys,Expected Years of Schooling (years),HDI,Human Development Index,8.385,2019
SDN,Sudan,eys,Expected Years of Schooling (years),HDI,Human Development Index,8.502,2020
SDN,Sudan,eys,Expected Years of Schooling (years),HDI,Human Development Index,8.502,2021
SDN,Sudan,eys,Expected Years of Schooling (years),HDI,Human Development Index,8.502,2022
SDN,Sudan,eys_f,"Expected Years of Schooling, female (years)",GDI,Gender Development Index,3.143,1990
SDN,Sudan,eys_f,"Expected Years of Schooling, female (years)",GDI,Gender Development Index,3.284,1991
SDN,Sudan,eys_f,"Expected Years of Schooling, female (years)",GDI,Gender Development Index,3.433,1992
SDN,Sudan,eys_f,"Expected Years of Schooling, female (years)",GDI,Gender Development Index,3.587,1993
SDN,Sudan,eys_f,"Expected Years of Schooling, female (years)",GDI,Gender Development Index,3.749,1994
SDN,Sudan,eys_f,"Expected Years of Schooling, female (years)",GDI,Gender Development Index,3.918,1995
SDN,Sudan,eys_f,"Expected Years of Schooling, female (years)",GDI,Gender Development Index,4.095,1996
SDN,Sudan,eys_f,"Expected Years of Schooling, female (years)",GDI,Gender Development Index,4.279,1997
SDN,Sudan,eys_f,"Expected Years of Schooling, female (years)",GDI,Gender Development Index,4.472,1998
SDN,Sudan,eys_f,"Expected Years of Schooling, female (years)",GDI,Gender Development Index,4.674,1999
SDN,Sudan,eys_f,"Expected Years of Schooling, female (years)",GDI,Gender Development Index,4.885,2000
SDN,Sudan,eys_f,"Expected Years of Schooling, female (years)",GDI,Gender Development Index,5.105,2001
SDN,Sudan,eys_f,"Expected Years of Schooling, female (years)",GDI,Gender Development Index,5.345,2002
SDN,Sudan,eys_f,"Expected Years of Schooling, female (years)",GDI,Gender Development Index,5.481,2003
SDN,Sudan,eys_f,"Expected Years of Schooling, female (years)",GDI,Gender Development Index,5.841,2004
SDN,Sudan,eys_f,"Expected Years of Schooling, female (years)",GDI,Gender Development Index,6.062,2005
SDN,Sudan,eys_f,"Expected Years of Schooling, female (years)",GDI,Gender Development Index,6.362,2006
SDN,Sudan,eys_f,"Expected Years of Schooling, female (years)",GDI,Gender Development Index,6.216,2007
SDN,Sudan,eys_f,"Expected Years of Schooling, female (years)",GDI,Gender Development Index,6.764,2008
SDN,Sudan,eys_f,"Expected Years of Schooling, female (years)",GDI,Gender Development Index,7.013,2009
SDN,Sudan,eys_f,"Expected Years of Schooling, female (years)",GDI,Gender Development Index,7.068,2010
SDN,Sudan,eys_f,"Expected Years of Schooling, female (years)",GDI,Gender Development Index,6.801,2011
SDN,Sudan,eys_f,"Expected Years of Schooling, female (years)",GDI,Gender Development Index,7.153,2012
SDN,Sudan,eys_f,"Expected Years of Schooling, female (years)",GDI,Gender Development Index,7.503,2013
SDN,Sudan,eys_f,"Expected Years of Schooling, female (years)",GDI,Gender Development Index,7.542,2014
SDN,Sudan,eys_f,"Expected Years of Schooling, female (years)",GDI,Gender Development Index,7.640,2015
SDN,Sudan,eys_f,"Expected Years of Schooling, female (years)",GDI,Gender Development Index,7.764,2016
SDN,Sudan,eys_f,"Expected Years of Schooling, female (years)",GDI,Gender Development Index,7.890,2017
SDN,Sudan,eys_f,"Expected Years of Schooling, female (years)",GDI,Gender Development Index,8.018,2018
SDN,Sudan,eys_f,"Expected Years of Schooling, female (years)",GDI,Gender Development Index,8.148,2019
SDN,Sudan,eys_f,"Expected Years of Schooling, female (years)",GDI,Gender Development Index,8.280,2020
SDN,Sudan,eys_f,"Expected Years of Schooling, female (years)",GDI,Gender Development Index,8.280,2021
SDN,Sudan,eys_f,"Expected Years of Schooling, female (years)",GDI,Gender Development Index,8.280,2022
SDN,Sudan,eys_m,"Expected Years of Schooling, male (years)",GDI,Gender Development Index,3.998,1990
SDN,Sudan,eys_m,"Expected Years of Schooling, male (years)",GDI,Gender Development Index,4.138,1991
SDN,Sudan,eys_m,"Expected Years of Schooling, male (years)",GDI,Gender Development Index,4.283,1992
SDN,Sudan,eys_m,"Expected Years of Schooling, male (years)",GDI,Gender Development Index,4.433,1993
SDN,Sudan,eys_m,"Expected Years of Schooling, male (years)",GDI,Gender Development Index,4.588,1994
SDN,Sudan,eys_m,"Expected Years of Schooling, male (years)",GDI,Gender Development Index,4.748,1995
SDN,Sudan,eys_m,"Expected Years of Schooling, male (years)",GDI,Gender Development Index,4.914,1996
SDN,Sudan,eys_m,"Expected Years of Schooling, male (years)",GDI,Gender Development Index,5.086,1997
SDN,Sudan,eys_m,"Expected Years of Schooling, male (years)",GDI,Gender Development Index,5.264,1998
SDN,Sudan,eys_m,"Expected Years of Schooling, male (years)",GDI,Gender Development Index,5.448,1999
SDN,Sudan,eys_m,"Expected Years of Schooling, male (years)",GDI,Gender Development Index,5.639,2000
SDN,Sudan,eys_m,"Expected Years of Schooling, male (years)",GDI,Gender Development Index,5.836,2001
SDN,Sudan,eys_m,"Expected Years of Schooling, male (years)",GDI,Gender Development Index,5.847,2002
SDN,Sudan,eys_m,"Expected Years of Schooling, male (years)",GDI,Gender Development Index,6.070,2003
SDN,Sudan,eys_m,"Expected Years of Schooling, male (years)",GDI,Gender Development Index,6.473,2004
SDN,Sudan,eys_m,"Expected Years of Schooling, male (years)",GDI,Gender Development Index,6.614,2005
SDN,Sudan,eys_m,"Expected Years of Schooling, male (years)",GDI,Gender Development Index,6.924,2006
SDN,Sudan,eys_m,"Expected Years of Schooling, male (years)",GDI,Gender Development Index,6.994,2007
SDN,Sudan,eys_m,"Expected Years of Schooling, male (years)",GDI,Gender Development Index,7.548,2008
SDN,Sudan,eys_m,"Expected Years of Schooling, male (years)",GDI,Gender Development Index,7.757,2009
SDN,Sudan,eys_m,"Expected Years of Schooling, male (years)",GDI,Gender Development Index,7.760,2010
SDN,Sudan,eys_m,"Expected Years of Schooling, male (years)",GDI,Gender Development Index,7.506,2011
SDN,Sudan,eys_m,"Expected Years of Schooling, male (years)",GDI,Gender Development Index,7.899,2012
SDN,Sudan,eys_m,"Expected Years of Schooling, male (years)",GDI,Gender Development Index,8.143,2013
SDN,Sudan,eys_m,"Expected Years of Schooling, male (years)",GDI,Gender Development Index,8.196,2014
SDN,Sudan,eys_m,"Expected Years of Schooling, male (years)",GDI,Gender Development Index,8.220,2015
SDN,Sudan,eys_m,"Expected Years of Schooling, male (years)",GDI,Gender Development Index,8.318,2016
SDN,Sudan,eys_m,"Expected Years of Schooling, male (years)",GDI,Gender Development Index,8.417,2017
SDN,Sudan,eys_m,"Expected Years of Schooling, male (years)",GDI,Gender Development Index,8.518,2018
SDN,Sudan,eys_m,"Expected Years of Schooling, male (years)",GDI,Gender Development Index,8.620,2019
SDN,Sudan,eys_m,"Expected Years of Schooling, male (years)",GDI,Gender Development Index,8.723,2020
SDN,Sudan,eys_m,"Expected Years of Schooling, male (years)",GDI,Gender Development Index,8.723,2021
SDN,Sudan,eys_m,"Expected Years of Schooling, male (years)",GDI,Gender Development Index,8.723,2022
SDN,Sudan,gdi_group,GDI Group,GDI,Gender Development Index,5,2022
SDN,Sudan,gii_rank,GII Rank,GII,Gender Inequality Index,140,2022
SDN,Sudan,gni_pc_f,"Gross National Income Per Capita, female (2017 PPP$)",GDI,Gender Development Index,983.753,1990
SDN,Sudan,gni_pc_f,"Gross National Income Per Capita, female (2017 PPP$)",GDI,Gender Development Index,980.106,1991
SDN,Sudan,gni_pc_f,"Gross National Income Per Capita, female (2017 PPP$)",GDI,Gender Development Index,1093.991,1992
SDN,Sudan,gni_pc_f,"Gross National Income Per Capita, female (2017 PPP$)",GDI,Gender Development Index,1217.945,1993
SDN,Sudan,gni_pc_f,"Gross National Income Per Capita, female (2017 PPP$)",GDI,Gender Development Index,1243.582,1994
SDN,Sudan,gni_pc_f,"Gross National Income Per Capita, female (2017 PPP$)",GDI,Gender Development Index,1329.693,1995
SDN,Sudan,gni_pc_f,"Gross National Income Per Capita, female (2017 PPP$)",GDI,Gender Development Index,1518.959,1996
SDN,Sudan,gni_pc_f,"Gross National Income Per Capita, female (2017 PPP$)",GDI,Gender Development Index,1690.605,1997
SDN,Sudan,gni_pc_f,"Gross National Income Per Capita, female (2017 PPP$)",GDI,Gender Development Index,1800.346,1998
SDN,Sudan,gni_pc_f,"Gross National Income Per Capita, female (2017 PPP$)",GDI,Gender Development Index,1809.850,1999
SDN,Sudan,gni_pc_f,"Gross National Income Per Capita, female (2017 PPP$)",GDI,Gender Development Index,1904.454,2000
SDN,Sudan,gni_pc_f,"Gross National Income Per Capita, female (2017 PPP$)",GDI,Gender Development Index,1974.949,2001
SDN,Sudan,gni_pc_f,"Gross National Income Per Capita, female (2017 PPP$)",GDI,Gender Development Index,2064.924,2002
SDN,Sudan,gni_pc_f,"Gross National Income Per Capita, female (2017 PPP$)",GDI,Gender Development Index,2140.302,2003
SDN,Sudan,gni_pc_f,"Gross National Income Per Capita, female (2017 PPP$)",GDI,Gender Development Index,2187.220,2004
SDN,Sudan,gni_pc_f,"Gross National Income Per Capita, female (2017 PPP$)",GDI,Gender Development Index,2352.859,2005
SDN,Sudan,gni_pc_f,"Gross National Income Per Capita, female (2017 PPP$)",GDI,Gender Development Index,2396.423,2006
SDN,Sudan,gni_pc_f,"Gross National Income Per Capita, female (2017 PPP$)",GDI,Gender Development Index,2485.609,2007
SDN,Sudan,gni_pc_f,"Gross National Income Per Capita, female (2017 PPP$)",GDI,Gender Development Index,2428.764,2008
SDN,Sudan,gni_pc_f,"Gross National Income Per Capita, female (2017 PPP$)",GDI,Gender Development Index,1766.359,2009
SDN,Sudan,gni_pc_f,"Gross National Income Per Capita, female (2017 PPP$)",GDI,Gender Development Index,1962.085,2010
SDN,Sudan,gni_pc_f,"Gross National Income Per Capita, female (2017 PPP$)",GDI,Gender Development Index,2328.743,2011
SDN,Sudan,gni_pc_f,"Gross National Income Per Capita, female (2017 PPP$)",GDI,Gender Development Index,2229.216,2012
SDN,Sudan,gni_pc_f,"Gross National Income Per Capita, female (2017 PPP$)",GDI,Gender Development Index,2225.432,2013
SDN,Sudan,gni_pc_f,"Gross National Income Per Capita, female (2017 PPP$)",GDI,Gender Development Index,2378.300,2014
SDN,Sudan,gni_pc_f,"Gross National Income Per Capita, female (2017 PPP$)",GDI,Gender Development Index,2417.688,2015
SDN,Sudan,gni_pc_f,"Gross National Income Per Capita, female (2017 PPP$)",GDI,Gender Development Index,2379.408,2016
SDN,Sudan,gni_pc_f,"Gross National Income Per Capita, female (2017 PPP$)",GDI,Gender Development Index,2234.313,2017
SDN,Sudan,gni_pc_f,"Gross National Income Per Capita, female (2017 PPP$)",GDI,Gender Development Index,2043.329,2018
SDN,Sudan,gni_pc_f,"Gross National Income Per Capita, female (2017 PPP$)",GDI,Gender Development Index,1941.412,2019
SDN,Sudan,gni_pc_f,"Gross National Income Per Capita, female (2017 PPP$)",GDI,Gender Development Index,1809.529,2020
SDN,Sudan,gni_pc_f,"Gross National Income Per Capita, female (2017 PPP$)",GDI,Gender Development Index,1769.300,2021
SDN,Sudan,gni_pc_f,"Gross National Income Per Capita, female (2017 PPP$)",GDI,Gender Development Index,1750.002,2022
SDN,Sudan,gni_pc_m,"Gross National Income Per Capita, male (2017 PPP$)",GDI,Gender Development Index,4009.367,1990
SDN,Sudan,gni_pc_m,"Gross National Income Per Capita, male (2017 PPP$)",GDI,Gender Development Index,3890.406,1991
SDN,Sudan,gni_pc_m,"Gross National Income Per Capita, male (2017 PPP$)",GDI,Gender Development Index,4178.909,1992
SDN,Sudan,gni_pc_m,"Gross National Income Per Capita, male (2017 PPP$)",GDI,Gender Development Index,4381.767,1993
SDN,Sudan,gni_pc_m,"Gross National Income Per Capita, male (2017 PPP$)",GDI,Gender Development Index,4417.622,1994
SDN,Sudan,gni_pc_m,"Gross National Income Per Capita, male (2017 PPP$)",GDI,Gender Development Index,4566.341,1995
SDN,Sudan,gni_pc_m,"Gross National Income Per Capita, male (2017 PPP$)",GDI,Gender Development Index,4800.371,1996
SDN,Sudan,gni_pc_m,"Gross National Income Per Capita, male (2017 PPP$)",GDI,Gender Development Index,5670.350,1997
SDN,Sudan,gni_pc_m,"Gross National Income Per Capita, male (2017 PPP$)",GDI,Gender Development Index,5684.908,1998
SDN,Sudan,gni_pc_m,"Gross National Income Per Capita, male (2017 PPP$)",GDI,Gender Development Index,5648.630,1999
SDN,Sudan,gni_pc_m,"Gross National Income Per Capita, male (2017 PPP$)",GDI,Gender Development Index,5761.513,2000
SDN,Sudan,gni_pc_m,"Gross National Income Per Capita, male (2017 PPP$)",GDI,Gender Development Index,6020.662,2001
SDN,Sudan,gni_pc_m,"Gross National Income Per Capita, male (2017 PPP$)",GDI,Gender Development Index,6127.837,2002
SDN,Sudan,gni_pc_m,"Gross National Income Per Capita, male (2017 PPP$)",GDI,Gender Development Index,6367.074,2003
SDN,Sudan,gni_pc_m,"Gross National Income Per Capita, male (2017 PPP$)",GDI,Gender Development Index,6466.096,2004
SDN,Sudan,gni_pc_m,"Gross National Income Per Capita, male (2017 PPP$)",GDI,Gender Development Index,6568.266,2005
SDN,Sudan,gni_pc_m,"Gross National Income Per Capita, male (2017 PPP$)",GDI,Gender Development Index,6746.751,2006
SDN,Sudan,gni_pc_m,"Gross National Income Per Capita, male (2017 PPP$)",GDI,Gender Development Index,6931.061,2007
SDN,Sudan,gni_pc_m,"Gross National Income Per Capita, male (2017 PPP$)",GDI,Gender Development Index,6945.884,2008
SDN,Sudan,gni_pc_m,"Gross National Income Per Capita, male (2017 PPP$)",GDI,Gender Development Index,7346.485,2009
SDN,Sudan,gni_pc_m,"Gross National Income Per Capita, male (2017 PPP$)",GDI,Gender Development Index,6715.389,2010
SDN,Sudan,gni_pc_m,"Gross National Income Per Capita, male (2017 PPP$)",GDI,Gender Development Index,6999.244,2011
SDN,Sudan,gni_pc_m,"Gross National Income Per Capita, male (2017 PPP$)",GDI,Gender Development Index,6723.409,2012
SDN,Sudan,gni_pc_m,"Gross National Income Per Capita, male (2017 PPP$)",GDI,Gender Development Index,6578.008,2013
SDN,Sudan,gni_pc_m,"Gross National Income Per Capita, male (2017 PPP$)",GDI,Gender Development Index,7017.948,2014
SDN,Sudan,gni_pc_m,"Gross National Income Per Capita, male (2017 PPP$)",GDI,Gender Development Index,6829.568,2015
SDN,Sudan,gni_pc_m,"Gross National Income Per Capita, male (2017 PPP$)",GDI,Gender Development Index,6906.468,2016
SDN,Sudan,gni_pc_m,"Gross National Income Per Capita, male (2017 PPP$)",GDI,Gender Development Index,6625.388,2017
SDN,Sudan,gni_pc_m,"Gross National Income Per Capita, male (2017 PPP$)",GDI,Gender Development Index,6192.362,2018
SDN,Sudan,gni_pc_m,"Gross National Income Per Capita, male (2017 PPP$)",GDI,Gender Development Index,5938.822,2019
SDN,Sudan,gni_pc_m,"Gross National Income Per Capita, male (2017 PPP$)",GDI,Gender Development Index,5509.215,2020
SDN,Sudan,gni_pc_m,"Gross National Income Per Capita, male (2017 PPP$)",GDI,Gender Development Index,5340.931,2021
SDN,Sudan,gni_pc_m,"Gross National Income Per Capita, male (2017 PPP$)",GDI,Gender Development Index,5282.106,2022
SDN,Sudan,gnipc,Gross National Income Per Capita (2017 PPP$),HDI,Human Development Index,2521.390,1990
SDN,Sudan,gnipc,Gross National Income Per Capita (2017 PPP$),HDI,Human Development Index,2459.860,1991
SDN,Sudan,gnipc,Gross National Income Per Capita (2017 PPP$),HDI,Human Development Index,2662.750,1992
SDN,Sudan,gnipc,Gross National Income Per Capita (2017 PPP$),HDI,Human Development Index,2824.555,1993
SDN,Sudan,gnipc,Gross National Income Per Capita (2017 PPP$),HDI,Human Development Index,2852.897,1994
SDN,Sudan,gnipc,Gross National Income Per Capita (2017 PPP$),HDI,Human Development Index,2969.044,1995
SDN,Sudan,gnipc,Gross National Income Per Capita (2017 PPP$),HDI,Human Development Index,3178.595,1996
SDN,Sudan,gnipc,Gross National Income Per Capita (2017 PPP$),HDI,Human Development Index,3700.600,1997
SDN,Sudan,gnipc,Gross National Income Per Capita (2017 PPP$),HDI,Human Development Index,3758.768,1998
SDN,Sudan,gnipc,Gross National Income Per Capita (2017 PPP$),HDI,Human Development Index,3742.456,1999
SDN,Sudan,gnipc,Gross National Income Per Capita (2017 PPP$),HDI,Human Development Index,3845.069,2000
SDN,Sudan,gnipc,Gross National Income Per Capita (2017 PPP$),HDI,Human Development Index,4009.307,2001
SDN,Sudan,gnipc,Gross National Income Per Capita (2017 PPP$),HDI,Human Development Index,4106.774,2002
SDN,Sudan,gnipc,Gross National Income Per Capita (2017 PPP$),HDI,Human Development Index,4263.208,2003
SDN,Sudan,gnipc,Gross National Income Per Capita (2017 PPP$),HDI,Human Development Index,4334.573,2004
SDN,Sudan,gnipc,Gross National Income Per Capita (2017 PPP$),HDI,Human Development Index,4466.466,2005
SDN,Sudan,gnipc,Gross National Income Per Capita (2017 PPP$),HDI,Human Development Index,4576.374,2006
SDN,Sudan,gnipc,Gross National Income Per Capita (2017 PPP$),HDI,Human Development Index,4712.491,2007
SDN,Sudan,gnipc,Gross National Income Per Capita (2017 PPP$),HDI,Human Development Index,4690.845,2008
SDN,Sudan,gnipc,Gross National Income Per Capita (2017 PPP$),HDI,Human Development Index,4560.048,2009
SDN,Sudan,gnipc,Gross National Income Per Capita (2017 PPP$),HDI,Human Development Index,4341.393,2010
SDN,Sudan,gnipc,Gross National Income Per Capita (2017 PPP$),HDI,Human Development Index,4666.238,2011
SDN,Sudan,gnipc,Gross National Income Per Capita (2017 PPP$),HDI,Human Development Index,4478.064,2012
SDN,Sudan,gnipc,Gross National Income Per Capita (2017 PPP$),HDI,Human Development Index,4402.897,2013
SDN,Sudan,gnipc,Gross National Income Per Capita (2017 PPP$),HDI,Human Development Index,4698.743,2014
SDN,Sudan,gnipc,Gross National Income Per Capita (2017 PPP$),HDI,Human Development Index,4623.755,2015
SDN,Sudan,gnipc,Gross National Income Per Capita (2017 PPP$),HDI,Human Development Index,4642.734,2016
SDN,Sudan,gnipc,Gross National Income Per Capita (2017 PPP$),HDI,Human Development Index,4429.396,2017
SDN,Sudan,gnipc,Gross National Income Per Capita (2017 PPP$),HDI,Human Development Index,4117.221,2018
SDN,Sudan,gnipc,Gross National Income Per Capita (2017 PPP$),HDI,Human Development Index,3939.340,2019
SDN,Sudan,gnipc,Gross National Income Per Capita (2017 PPP$),HDI,Human Development Index,3658.472,2020
SDN,Sudan,gnipc,Gross National Income Per Capita (2017 PPP$),HDI,Human Development Index,3554.030,2021
SDN,Sudan,gnipc,Gross National Income Per Capita (2017 PPP$),HDI,Human Development Index,3514.766,2022
SDN,Sudan,hdi_f,HDI female,GDI,Gender Development Index,0.269,1990
SDN,Sudan,hdi_f,HDI female,GDI,Gender Development Index,0.275,1991
SDN,Sudan,hdi_f,HDI female,GDI,Gender Development Index,0.275,1992
SDN,Sudan,hdi_f,HDI female,GDI,Gender Development Index,0.286,1993
SDN,Sudan,hdi_f,HDI female,GDI,Gender Development Index,0.314,1994
SDN,Sudan,hdi_f,HDI female,GDI,Gender Development Index,0.313,1995
SDN,Sudan,hdi_f,HDI female,GDI,Gender Development Index,0.325,1996
SDN,Sudan,hdi_f,HDI female,GDI,Gender Development Index,0.337,1997
SDN,Sudan,hdi_f,HDI female,GDI,Gender Development Index,0.335,1998
SDN,Sudan,hdi_f,HDI female,GDI,Gender Development Index,0.360,1999
SDN,Sudan,hdi_f,HDI female,GDI,Gender Development Index,0.372,2000
SDN,Sudan,hdi_f,HDI female,GDI,Gender Development Index,0.381,2001
SDN,Sudan,hdi_f,HDI female,GDI,Gender Development Index,0.390,2002
SDN,Sudan,hdi_f,HDI female,GDI,Gender Development Index,0.394,2003
SDN,Sudan,hdi_f,HDI female,GDI,Gender Development Index,0.400,2004
SDN,Sudan,hdi_f,HDI female,GDI,Gender Development Index,0.410,2005
SDN,Sudan,hdi_f,HDI female,GDI,Gender Development Index,0.423,2006
SDN,Sudan,hdi_f,HDI female,GDI,Gender Development Index,0.427,2007
SDN,Sudan,hdi_f,HDI female,GDI,Gender Development Index,0.435,2008
SDN,Sudan,hdi_f,HDI female,GDI,Gender Development Index,0.429,2009
SDN,Sudan,hdi_f,HDI female,GDI,Gender Development Index,0.437,2010
SDN,Sudan,hdi_f,HDI female,GDI,Gender Development Index,0.444,2011
SDN,Sudan,hdi_f,HDI female,GDI,Gender Development Index,0.452,2012
SDN,Sudan,hdi_f,HDI female,GDI,Gender Development Index,0.459,2013
SDN,Sudan,hdi_f,HDI female,GDI,Gender Development Index,0.467,2014
SDN,Sudan,hdi_f,HDI female,GDI,Gender Development Index,0.472,2015
SDN,Sudan,hdi_f,HDI female,GDI,Gender Development Index,0.474,2016
SDN,Sudan,hdi_f,HDI female,GDI,Gender Development Index,0.476,2017
SDN,Sudan,hdi_f,HDI female,GDI,Gender Development Index,0.475,2018
SDN,Sudan,hdi_f,HDI female,GDI,Gender Development Index,0.476,2019
SDN,Sudan,hdi_f,HDI female,GDI,Gender Development Index,0.474,2020
SDN,Sudan,hdi_f,HDI female,GDI,Gender Development Index,0.472,2021
SDN,Sudan,hdi_f,HDI female,GDI,Gender Development Index,0.472,2022
SDN,Sudan,hdi_m,HDI male,GDI,Gender Development Index,0.356,1990
SDN,Sudan,hdi_m,HDI male,GDI,Gender Development Index,0.362,1991
SDN,Sudan,hdi_m,HDI male,GDI,Gender Development Index,0.346,1992
SDN,Sudan,hdi_m,HDI male,GDI,Gender Development Index,0.356,1993
SDN,Sudan,hdi_m,HDI male,GDI,Gender Development Index,0.412,1994
SDN,Sudan,hdi_m,HDI male,GDI,Gender Development Index,0.394,1995
SDN,Sudan,hdi_m,HDI male,GDI,Gender Development Index,0.402,1996
SDN,Sudan,hdi_m,HDI male,GDI,Gender Development Index,0.414,1997
SDN,Sudan,hdi_m,HDI male,GDI,Gender Development Index,0.396,1998
SDN,Sudan,hdi_m,HDI male,GDI,Gender Development Index,0.445,1999
SDN,Sudan,hdi_m,HDI male,GDI,Gender Development Index,0.456,2000
SDN,Sudan,hdi_m,HDI male,GDI,Gender Development Index,0.463,2001
SDN,Sudan,hdi_m,HDI male,GDI,Gender Development Index,0.467,2002
SDN,Sudan,hdi_m,HDI male,GDI,Gender Development Index,0.469,2003
SDN,Sudan,hdi_m,HDI male,GDI,Gender Development Index,0.469,2004
SDN,Sudan,hdi_m,HDI male,GDI,Gender Development Index,0.475,2005
SDN,Sudan,hdi_m,HDI male,GDI,Gender Development Index,0.498,2006
SDN,Sudan,hdi_m,HDI male,GDI,Gender Development Index,0.505,2007
SDN,Sudan,hdi_m,HDI male,GDI,Gender Development Index,0.513,2008
SDN,Sudan,hdi_m,HDI male,GDI,Gender Development Index,0.526,2009
SDN,Sudan,hdi_m,HDI male,GDI,Gender Development Index,0.525,2010
SDN,Sudan,hdi_m,HDI male,GDI,Gender Development Index,0.525,2011
SDN,Sudan,hdi_m,HDI male,GDI,Gender Development Index,0.532,2012
SDN,Sudan,hdi_m,HDI male,GDI,Gender Development Index,0.534,2013
SDN,Sudan,hdi_m,HDI male,GDI,Gender Development Index,0.540,2014
SDN,Sudan,hdi_m,HDI male,GDI,Gender Development Index,0.543,2015
SDN,Sudan,hdi_m,HDI male,GDI,Gender Development Index,0.546,2016
SDN,Sudan,hdi_m,HDI male,GDI,Gender Development Index,0.549,2017
SDN,Sudan,hdi_m,HDI male,GDI,Gender Development Index,0.548,2018
SDN,Sudan,hdi_m,HDI male,GDI,Gender Development Index,0.549,2019
SDN,Sudan,hdi_m,HDI male,GDI,Gender Development Index,0.546,2020
SDN,Sudan,hdi_m,HDI male,GDI,Gender Development Index,0.543,2021
SDN,Sudan,hdi_m,HDI male,GDI,Gender Development Index,0.544,2022
SDN,Sudan,hdi_rank,HDI Rank,HDI,Human Development Index,170,2022
SDN,Sudan,housing,Housing (%),MPI,Multidimensional Poverty Index,10.310,2014
SDN,Sudan,ineq_edu,Inequality in eduation,IHDI,Inequality-adjusted Human Development Index,42.671,2010
SDN,Sudan,ineq_edu,Inequality in eduation,IHDI,Inequality-adjusted Human Development Index,42.671,2011
SDN,Sudan,ineq_edu,Inequality in eduation,IHDI,Inequality-adjusted Human Development Index,42.671,2012
SDN,Sudan,ineq_edu,Inequality in eduation,IHDI,Inequality-adjusted Human Development Index,42.671,2013
SDN,Sudan,ineq_edu,Inequality in eduation,IHDI,Inequality-adjusted Human Development Index,42.450,2014
SDN,Sudan,ineq_edu,Inequality in eduation,IHDI,Inequality-adjusted Human Development Index,42.450,2015
SDN,Sudan,ineq_edu,Inequality in eduation,IHDI,Inequality-adjusted Human Development Index,42.450,2016
SDN,Sudan,ineq_edu,Inequality in eduation,IHDI,Inequality-adjusted Human Development Index,42.450,2017
SDN,Sudan,ineq_edu,Inequality in eduation,IHDI,Inequality-adjusted Human Development Index,42.450,2018
SDN,Sudan,ineq_edu,Inequality in eduation,IHDI,Inequality-adjusted Human Development Index,42.450,2019
SDN,Sudan,ineq_edu,Inequality in eduation,IHDI,Inequality-adjusted Human Development Index,42.450,2020
SDN,Sudan,ineq_edu,Inequality in eduation,IHDI,Inequality-adjusted Human Development Index,42.450,2021
SDN,Sudan,ineq_edu,Inequality in eduation,IHDI,Inequality-adjusted Human Development Index,42.450,2022
SDN,Sudan,ineq_inc,Inequality in income,IHDI,Inequality-adjusted Human Development Index,43.177,2010
SDN,Sudan,ineq_inc,Inequality in income,IHDI,Inequality-adjusted Human Development Index,43.177,2011
SDN,Sudan,ineq_inc,Inequality in income,IHDI,Inequality-adjusted Human Development Index,43.177,2012
SDN,Sudan,ineq_inc,Inequality in income,IHDI,Inequality-adjusted Human Development Index,43.177,2013
SDN,Sudan,ineq_inc,Inequality in income,IHDI,Inequality-adjusted Human Development Index,39.337,2014
SDN,Sudan,ineq_inc,Inequality in income,IHDI,Inequality-adjusted Human Development Index,39.337,2015
SDN,Sudan,ineq_inc,Inequality in income,IHDI,Inequality-adjusted Human Development Index,39.337,2016
SDN,Sudan,ineq_inc,Inequality in income,IHDI,Inequality-adjusted Human Development Index,39.337,2017
SDN,Sudan,ineq_inc,Inequality in income,IHDI,Inequality-adjusted Human Development Index,39.337,2018
SDN,Sudan,ineq_inc,Inequality in income,IHDI,Inequality-adjusted Human Development Index,39.337,2019
SDN,Sudan,ineq_inc,Inequality in income,IHDI,Inequality-adjusted Human Development Index,39.337,2020
SDN,Sudan,ineq_inc,Inequality in income,IHDI,Inequality-adjusted Human Development Index,39.337,2021
SDN,Sudan,ineq_inc,Inequality in income,IHDI,Inequality-adjusted Human Development Index,39.337,2022
SDN,Sudan,ineq_le,Inequality in life expectancy,IHDI,Inequality-adjusted Human Development Index,30.870,2010
SDN,Sudan,ineq_le,Inequality in life expectancy,IHDI,Inequality-adjusted Human Development Index,30.382,2011
SDN,Sudan,ineq_le,Inequality in life expectancy,IHDI,Inequality-adjusted Human Development Index,29.838,2012
SDN,Sudan,ineq_le,Inequality in life expectancy,IHDI,Inequality-adjusted Human Development Index,29.488,2013
SDN,Sudan,ineq_le,Inequality in life expectancy,IHDI,Inequality-adjusted Human Development Index,28.899,2014
SDN,Sudan,ineq_le,Inequality in life expectancy,IHDI,Inequality-adjusted Human Development Index,28.342,2015
SDN,Sudan,ineq_le,Inequality in life expectancy,IHDI,Inequality-adjusted Human Development Index,27.886,2016
SDN,Sudan,ineq_le,Inequality in life expectancy,IHDI,Inequality-adjusted Human Development Index,27.246,2017
SDN,Sudan,ineq_le,Inequality in life expectancy,IHDI,Inequality-adjusted Human Development Index,26.718,2018
SDN,Sudan,ineq_le,Inequality in life expectancy,IHDI,Inequality-adjusted Human Development Index,26.258,2019
SDN,Sudan,ineq_le,Inequality in life expectancy,IHDI,Inequality-adjusted Human Development Index,25.496,2020
SDN,Sudan,ineq_le,Inequality in life expectancy,IHDI,Inequality-adjusted Human Development Index,24.988,2021
SDN,Sudan,ineq_le,Inequality in life expectancy,IHDI,Inequality-adjusted Human Development Index,24.401,2022
SDN,Sudan,le,Life Expectancy at Birth (years),HDI,Human Development Index,49.732,1990
SDN,Sudan,le,Life Expectancy at Birth (years),HDI,Human Development Index,50.213,1991
SDN,Sudan,le,Life Expectancy at Birth (years),HDI,Human Development Index,45.891,1992
SDN,Sudan,le,Life Expectancy at Birth (years),HDI,Human Development Index,46.575,1993
SDN,Sudan,le,Life Expectancy at Birth (years),HDI,Human Development Index,56.644,1994
SDN,Sudan,le,Life Expectancy at Birth (years),HDI,Human Development Index,51.991,1995
SDN,Sudan,le,Life Expectancy at Birth (years),HDI,Human Development Index,52.276,1996
SDN,Sudan,le,Life Expectancy at Birth (years),HDI,Human Development Index,52.833,1997
SDN,Sudan,le,Life Expectancy at Birth (years),HDI,Human Development Index,48.81,1998
SDN,Sudan,le,Life Expectancy at Birth (years),HDI,Human Development Index,57.015,1999
SDN,Sudan,le,Life Expectancy at Birth (years),HDI,Human Development Index,58.319,2000
SDN,Sudan,le,Life Expectancy at Birth (years),HDI,Human Development Index,58.562,2001
SDN,Sudan,le,Life Expectancy at Birth (years),HDI,Human Development Index,58.976,2002
SDN,Sudan,le,Life Expectancy at Birth (years),HDI,Human Development Index,58.2,2003
SDN,Sudan,le,Life Expectancy at Birth (years),HDI,Human Development Index,56.773,2004
SDN,Sudan,le,Life Expectancy at Birth (years),HDI,Human Development Index,57.279,2005
SDN,Sudan,le,Life Expectancy at Birth (years),HDI,Human Development Index,60.281,2006
SDN,Sudan,le,Life Expectancy at Birth (years),HDI,Human Development Index,61.256,2007
SDN,Sudan,le,Life Expectancy at Birth (years),HDI,Human Development Index,61.206,2008
SDN,Sudan,le,Life Expectancy at Birth (years),HDI,Human Development Index,62.644,2009
SDN,Sudan,le,Life Expectancy at Birth (years),HDI,Human Development Index,63.016,2010
SDN,Sudan,le,Life Expectancy at Birth (years),HDI,Human Development Index,63.246,2011
SDN,Sudan,le,Life Expectancy at Birth (years),HDI,Human Development Index,63.792,2012
SDN,Sudan,le,Life Expectancy at Birth (years),HDI,Human Development Index,63.678,2013
SDN,Sudan,le,Life Expectancy at Birth (years),HDI,Human Development Index,64.269,2014
SDN,Sudan,le,Life Expectancy at Birth (years),HDI,Human Development Index,64.659,2015
SDN,Sudan,le,Life Expectancy at Birth (years),HDI,Human Development Index,64.78,2016
SDN,Sudan,le,Life Expectancy at Birth (years),HDI,Human Development Index,65.445,2017
SDN,Sudan,le,Life Expectancy at Birth (years),HDI,Human Development Index,65.681,2018
SDN,Sudan,le,Life Expectancy at Birth (years),HDI,Human Development Index,65.876,2019
SDN,Sudan,le,Life Expectancy at Birth (years),HDI,Human Development Index,65.614,2020
SDN,Sudan,le,Life Expectancy at Birth (years),HDI,Human Development Index,65.267,2021
SDN,Sudan,le,Life Expectancy at Birth (years),HDI,Human Development Index,65.578,2022
SDN,Sudan,le_f,"Life Expectancy at Birth, female (years)",GDI,Gender Development Index,54.143,1990
SDN,Sudan,le_f,"Life Expectancy at Birth, female (years)",GDI,Gender Development Index,54.563,1991
SDN,Sudan,le_f,"Life Expectancy at Birth, female (years)",GDI,Gender Development Index,51.397,1992
SDN,Sudan,le_f,"Life Expectancy at Birth, female (years)",GDI,Gender Development Index,51.98,1993
SDN,Sudan,le_f,"Life Expectancy at Birth, female (years)",GDI,Gender Development Index,59.14,1994
SDN,Sudan,le_f,"Life Expectancy at Birth, female (years)",GDI,Gender Development Index,56.151,1995
SDN,Sudan,le_f,"Life Expectancy at Birth, female (years)",GDI,Gender Development Index,56.489,1996
SDN,Sudan,le_f,"Life Expectancy at Birth, female (years)",GDI,Gender Development Index,57.07,1997
SDN,Sudan,le_f,"Life Expectancy at Birth, female (years)",GDI,Gender Development Index,54.266,1998
SDN,Sudan,le_f,"Life Expectancy at Birth, female (years)",GDI,Gender Development Index,60.106,1999
SDN,Sudan,le_f,"Life Expectancy at Birth, female (years)",GDI,Gender Development Index,61.271,2000
SDN,Sudan,le_f,"Life Expectancy at Birth, female (years)",GDI,Gender Development Index,61.629,2001
SDN,Sudan,le_f,"Life Expectancy at Birth, female (years)",GDI,Gender Development Index,61.985,2002
SDN,Sudan,le_f,"Life Expectancy at Birth, female (years)",GDI,Gender Development Index,61.517,2003
SDN,Sudan,le_f,"Life Expectancy at Birth, female (years)",GDI,Gender Development Index,60.569,2004
SDN,Sudan,le_f,"Life Expectancy at Birth, female (years)",GDI,Gender Development Index,61.022,2005
SDN,Sudan,le_f,"Life Expectancy at Birth, female (years)",GDI,Gender Development Index,63.021,2006
SDN,Sudan,le_f,"Life Expectancy at Birth, female (years)",GDI,Gender Development Index,64.052,2007
SDN,Sudan,le_f,"Life Expectancy at Birth, female (years)",GDI,Gender Development Index,63.96,2008
SDN,Sudan,le_f,"Life Expectancy at Birth, female (years)",GDI,Gender Development Index,65.321,2009
SDN,Sudan,le_f,"Life Expectancy at Birth, female (years)",GDI,Gender Development Index,65.506,2010
SDN,Sudan,le_f,"Life Expectancy at Birth, female (years)",GDI,Gender Development Index,65.801,2011
SDN,Sudan,le_f,"Life Expectancy at Birth, female (years)",GDI,Gender Development Index,66.447,2012
SDN,Sudan,le_f,"Life Expectancy at Birth, female (years)",GDI,Gender Development Index,66.597,2013
SDN,Sudan,le_f,"Life Expectancy at Birth, female (years)",GDI,Gender Development Index,67.233,2014
SDN,Sudan,le_f,"Life Expectancy at Birth, female (years)",GDI,Gender Development Index,67.349,2015
SDN,Sudan,le_f,"Life Expectancy at Birth, female (years)",GDI,Gender Development Index,67.432,2016
SDN,Sudan,le_f,"Life Expectancy at Birth, female (years)",GDI,Gender Development Index,68.018,2017
SDN,Sudan,le_f,"Life Expectancy at Birth, female (years)",GDI,Gender Development Index,68.233,2018
SDN,Sudan,le_f,"Life Expectancy at Birth, female (years)",GDI,Gender Development Index,68.388,2019
SDN,Sudan,le_f,"Life Expectancy at Birth, female (years)",GDI,Gender Development Index,68.208,2020
SDN,Sudan,le_f,"Life Expectancy at Birth, female (years)",GDI,Gender Development Index,67.879,2021
SDN,Sudan,le_f,"Life Expectancy at Birth, female (years)",GDI,Gender Development Index,68.184,2022
SDN,Sudan,le_m,"Life Expectancy at Birth, male (years)",GDI,Gender Development Index,45.948,1990
SDN,Sudan,le_m,"Life Expectancy at Birth, male (years)",GDI,Gender Development Index,46.468,1991
SDN,Sudan,le_m,"Life Expectancy at Birth, male (years)",GDI,Gender Development Index,41.385,1992
SDN,Sudan,le_m,"Life Expectancy at Birth, male (years)",GDI,Gender Development Index,42.111,1993
SDN,Sudan,le_m,"Life Expectancy at Birth, male (years)",GDI,Gender Development Index,54.381,1994
SDN,Sudan,le_m,"Life Expectancy at Birth, male (years)",GDI,Gender Development Index,48.362,1995
SDN,Sudan,le_m,"Life Expectancy at Birth, male (years)",GDI,Gender Development Index,48.6,1996
SDN,Sudan,le_m,"Life Expectancy at Birth, male (years)",GDI,Gender Development Index,49.132,1997
SDN,Sudan,le_m,"Life Expectancy at Birth, male (years)",GDI,Gender Development Index,44.261,1998
SDN,Sudan,le_m,"Life Expectancy at Birth, male (years)",GDI,Gender Development Index,54.209,1999
SDN,Sudan,le_m,"Life Expectancy at Birth, male (years)",GDI,Gender Development Index,55.623,2000
SDN,Sudan,le_m,"Life Expectancy at Birth, male (years)",GDI,Gender Development Index,55.768,2001
SDN,Sudan,le_m,"Life Expectancy at Birth, male (years)",GDI,Gender Development Index,56.223,2002
SDN,Sudan,le_m,"Life Expectancy at Birth, male (years)",GDI,Gender Development Index,55.186,2003
SDN,Sudan,le_m,"Life Expectancy at Birth, male (years)",GDI,Gender Development Index,53.371,2004
SDN,Sudan,le_m,"Life Expectancy at Birth, male (years)",GDI,Gender Development Index,53.911,2005
SDN,Sudan,le_m,"Life Expectancy at Birth, male (years)",GDI,Gender Development Index,57.729,2006
SDN,Sudan,le_m,"Life Expectancy at Birth, male (years)",GDI,Gender Development Index,58.652,2007
SDN,Sudan,le_m,"Life Expectancy at Birth, male (years)",GDI,Gender Development Index,58.629,2008
SDN,Sudan,le_m,"Life Expectancy at Birth, male (years)",GDI,Gender Development Index,60.127,2009
SDN,Sudan,le_m,"Life Expectancy at Birth, male (years)",GDI,Gender Development Index,60.654,2010
SDN,Sudan,le_m,"Life Expectancy at Birth, male (years)",GDI,Gender Development Index,60.819,2011
SDN,Sudan,le_m,"Life Expectancy at Birth, male (years)",GDI,Gender Development Index,61.266,2012
SDN,Sudan,le_m,"Life Expectancy at Birth, male (years)",GDI,Gender Development Index,60.917,2013
SDN,Sudan,le_m,"Life Expectancy at Birth, male (years)",GDI,Gender Development Index,61.461,2014
SDN,Sudan,le_m,"Life Expectancy at Birth, male (years)",GDI,Gender Development Index,62.081,2015
SDN,Sudan,le_m,"Life Expectancy at Birth, male (years)",GDI,Gender Development Index,62.23,2016
SDN,Sudan,le_m,"Life Expectancy at Birth, male (years)",GDI,Gender Development Index,62.957,2017
SDN,Sudan,le_m,"Life Expectancy at Birth, male (years)",GDI,Gender Development Index,63.208,2018
SDN,Sudan,le_m,"Life Expectancy at Birth, male (years)",GDI,Gender Development Index,63.432,2019
SDN,Sudan,le_m,"Life Expectancy at Birth, male (years)",GDI,Gender Development Index,63.106,2020
SDN,Sudan,le_m,"Life Expectancy at Birth, male (years)",GDI,Gender Development Index,62.741,2021
SDN,Sudan,le_m,"Life Expectancy at Birth, male (years)",GDI,Gender Development Index,63.048,2022
SDN,Sudan,lfpr_f,"Labour force participation rate, female (% ages 15 and older)",GII,Gender Inequality Index,23.62,1990
SDN,Sudan,lfpr_f,"Labour force participation rate, female (% ages 15 and older)",GII,Gender Inequality Index,24.39,1991
SDN,Sudan,lfpr_f,"Labour force participation rate, female (% ages 15 and older)",GII,Gender Inequality Index,25.17,1992
SDN,Sudan,lfpr_f,"Labour force participation rate, female (% ages 15 and older)",GII,Gender Inequality Index,25.94,1993
SDN,Sudan,lfpr_f,"Labour force participation rate, female (% ages 15 and older)",GII,Gender Inequality Index,26.99,1994
SDN,Sudan,lfpr_f,"Labour force participation rate, female (% ages 15 and older)",GII,Gender Inequality Index,28.05,1995
SDN,Sudan,lfpr_f,"Labour force participation rate, female (% ages 15 and older)",GII,Gender Inequality Index,29.1,1996
SDN,Sudan,lfpr_f,"Labour force participation rate, female (% ages 15 and older)",GII,Gender Inequality Index,28.39,1997
SDN,Sudan,lfpr_f,"Labour force participation rate, female (% ages 15 and older)",GII,Gender Inequality Index,30.12,1998
SDN,Sudan,lfpr_f,"Labour force participation rate, female (% ages 15 and older)",GII,Gender Inequality Index,30.23,1999
SDN,Sudan,lfpr_f,"Labour force participation rate, female (% ages 15 and older)",GII,Gender Inequality Index,30.53,2000
SDN,Sudan,lfpr_f,"Labour force participation rate, female (% ages 15 and older)",GII,Gender Inequality Index,31.54,2001
SDN,Sudan,lfpr_f,"Labour force participation rate, female (% ages 15 and older)",GII,Gender Inequality Index,32.85,2002
SDN,Sudan,lfpr_f,"Labour force participation rate, female (% ages 15 and older)",GII,Gender Inequality Index,32.32,2003
SDN,Sudan,lfpr_f,"Labour force participation rate, female (% ages 15 and older)",GII,Gender Inequality Index,31.77,2004
SDN,Sudan,lfpr_f,"Labour force participation rate, female (% ages 15 and older)",GII,Gender Inequality Index,34.2,2005
SDN,Sudan,lfpr_f,"Labour force participation rate, female (% ages 15 and older)",GII,Gender Inequality Index,33.62,2006
SDN,Sudan,lfpr_f,"Labour force participation rate, female (% ages 15 and older)",GII,Gender Inequality Index,34.36,2007
SDN,Sudan,lfpr_f,"Labour force participation rate, female (% ages 15 and older)",GII,Gender Inequality Index,31.4,2008
SDN,Sudan,lfpr_f,"Labour force participation rate, female (% ages 15 and older)",GII,Gender Inequality Index,23,2009
SDN,Sudan,lfpr_f,"Labour force participation rate, female (% ages 15 and older)",GII,Gender Inequality Index,25.67,2010
SDN,Sudan,lfpr_f,"Labour force participation rate, female (% ages 15 and older)",GII,Gender Inequality Index,28.33,2011
SDN,Sudan,lfpr_f,"Labour force participation rate, female (% ages 15 and older)",GII,Gender Inequality Index,28.17,2012
SDN,Sudan,lfpr_f,"Labour force participation rate, female (% ages 15 and older)",GII,Gender Inequality Index,29.2,2013
SDN,Sudan,lfpr_f,"Labour force participation rate, female (% ages 15 and older)",GII,Gender Inequality Index,29.02,2014
SDN,Sudan,lfpr_f,"Labour force participation rate, female (% ages 15 and older)",GII,Gender Inequality Index,30.24,2015
SDN,Sudan,lfpr_f,"Labour force participation rate, female (% ages 15 and older)",GII,Gender Inequality Index,28.75,2016
SDN,Sudan,lfpr_f,"Labour force participation rate, female (% ages 15 and older)",GII,Gender Inequality Index,27.85,2017
SDN,Sudan,lfpr_f,"Labour force participation rate, female (% ages 15 and older)",GII,Gender Inequality Index,27.41,2018
SDN,Sudan,lfpr_f,"Labour force participation rate, female (% ages 15 and older)",GII,Gender Inequality Index,26.96,2019
SDN,Sudan,lfpr_f,"Labour force participation rate, female (% ages 15 and older)",GII,Gender Inequality Index,27.39,2020
SDN,Sudan,lfpr_f,"Labour force participation rate, female (% ages 15 and older)",GII,Gender Inequality Index,28.04,2021
SDN,Sudan,lfpr_f,"Labour force participation rate, female (% ages 15 and older)",GII,Gender Inequality Index,28.04,2022
SDN,Sudan,lfpr_m,"Labour force participation rate, male (% ages 15 and older)",GII,Gender Inequality Index,75.67,1990
SDN,Sudan,lfpr_m,"Labour force participation rate, male (% ages 15 and older)",GII,Gender Inequality Index,75.3,1991
SDN,Sudan,lfpr_m,"Labour force participation rate, male (% ages 15 and older)",GII,Gender Inequality Index,74.94,1992
SDN,Sudan,lfpr_m,"Labour force participation rate, male (% ages 15 and older)",GII,Gender Inequality Index,74.57,1993
SDN,Sudan,lfpr_m,"Labour force participation rate, male (% ages 15 and older)",GII,Gender Inequality Index,74.62,1994
SDN,Sudan,lfpr_m,"Labour force participation rate, male (% ages 15 and older)",GII,Gender Inequality Index,74.67,1995
SDN,Sudan,lfpr_m,"Labour force participation rate, male (% ages 15 and older)",GII,Gender Inequality Index,74.72,1996
SDN,Sudan,lfpr_m,"Labour force participation rate, male (% ages 15 and older)",GII,Gender Inequality Index,73.36,1997
SDN,Sudan,lfpr_m,"Labour force participation rate, male (% ages 15 and older)",GII,Gender Inequality Index,73.11,1998
SDN,Sudan,lfpr_m,"Labour force participation rate, male (% ages 15 and older)",GII,Gender Inequality Index,72.36,1999
SDN,Sudan,lfpr_m,"Labour force participation rate, male (% ages 15 and older)",GII,Gender Inequality Index,70.64,2000
SDN,Sudan,lfpr_m,"Labour force participation rate, male (% ages 15 and older)",GII,Gender Inequality Index,73.37,2001
SDN,Sudan,lfpr_m,"Labour force participation rate, male (% ages 15 and older)",GII,Gender Inequality Index,74.27,2002
SDN,Sudan,lfpr_m,"Labour force participation rate, male (% ages 15 and older)",GII,Gender Inequality Index,73.21,2003
SDN,Sudan,lfpr_m,"Labour force participation rate, male (% ages 15 and older)",GII,Gender Inequality Index,71.52,2004
SDN,Sudan,lfpr_m,"Labour force participation rate, male (% ages 15 and older)",GII,Gender Inequality Index,72.73,2005
SDN,Sudan,lfpr_m,"Labour force participation rate, male (% ages 15 and older)",GII,Gender Inequality Index,72.14,2006
SDN,Sudan,lfpr_m,"Labour force participation rate, male (% ages 15 and older)",GII,Gender Inequality Index,73.05,2007
SDN,Sudan,lfpr_m,"Labour force participation rate, male (% ages 15 and older)",GII,Gender Inequality Index,66.2,2008
SDN,Sudan,lfpr_m,"Labour force participation rate, male (% ages 15 and older)",GII,Gender Inequality Index,73,2009
SDN,Sudan,lfpr_m,"Labour force participation rate, male (% ages 15 and older)",GII,Gender Inequality Index,71.53,2010
SDN,Sudan,lfpr_m,"Labour force participation rate, male (% ages 15 and older)",GII,Gender Inequality Index,70.06,2011
SDN,Sudan,lfpr_m,"Labour force participation rate, male (% ages 15 and older)",GII,Gender Inequality Index,69.25,2012
SDN,Sudan,lfpr_m,"Labour force participation rate, male (% ages 15 and older)",GII,Gender Inequality Index,70.36,2013
SDN,Sudan,lfpr_m,"Labour force participation rate, male (% ages 15 and older)",GII,Gender Inequality Index,69.83,2014
SDN,Sudan,lfpr_m,"Labour force participation rate, male (% ages 15 and older)",GII,Gender Inequality Index,69.67,2015
SDN,Sudan,lfpr_m,"Labour force participation rate, male (% ages 15 and older)",GII,Gender Inequality Index,68.07,2016
SDN,Sudan,lfpr_m,"Labour force participation rate, male (% ages 15 and older)",GII,Gender Inequality Index,67.36,2017
SDN,Sudan,lfpr_m,"Labour force participation rate, male (% ages 15 and older)",GII,Gender Inequality Index,67.76,2018
SDN,Sudan,lfpr_m,"Labour force participation rate, male (% ages 15 and older)",GII,Gender Inequality Index,67.27,2019
SDN,Sudan,lfpr_m,"Labour force participation rate, male (% ages 15 and older)",GII,Gender Inequality Index,68.04,2020
SDN,Sudan,lfpr_m,"Labour force participation rate, male (% ages 15 and older)",GII,Gender Inequality Index,69.07,2021
SDN,Sudan,lfpr_m,"Labour force participation rate, male (% ages 15 and older)",GII,Gender Inequality Index,69.07,2022
SDN,Sudan,loss,Overall loss (%),IHDI,Inequality-adjusted Human Development Index,39.059,2010
SDN,Sudan,loss,Overall loss (%),IHDI,Inequality-adjusted Human Development Index,39.104,2011
SDN,Sudan,loss,Overall loss (%),IHDI,Inequality-adjusted Human Development Index,38.755,2012
SDN,Sudan,loss,Overall loss (%),IHDI,Inequality-adjusted Human Development Index,38.767,2013
SDN,Sudan,loss,Overall loss (%),IHDI,Inequality-adjusted Human Development Index,37.182,2014
SDN,Sudan,loss,Overall loss (%),IHDI,Inequality-adjusted Human Development Index,36.965,2015
SDN,Sudan,loss,Overall loss (%),IHDI,Inequality-adjusted Human Development Index,36.944,2016
SDN,Sudan,loss,Overall loss (%),IHDI,Inequality-adjusted Human Development Index,36.731,2017
SDN,Sudan,loss,Overall loss (%),IHDI,Inequality-adjusted Human Development Index,36.538,2018
SDN,Sudan,loss,Overall loss (%),IHDI,Inequality-adjusted Human Development Index,36.468,2019
SDN,Sudan,loss,Overall loss (%),IHDI,Inequality-adjusted Human Development Index,36.100,2020
SDN,Sudan,loss,Overall loss (%),IHDI,Inequality-adjusted Human Development Index,36.047,2021
SDN,Sudan,loss,Overall loss (%),IHDI,Inequality-adjusted Human Development Index,35.853,2022
SDN,Sudan,mf,Material footprint per capita (tonnes),PHDI,Planetary pressures–adjusted Human Development Index,5.901,2012
SDN,Sudan,mf,Material footprint per capita (tonnes),PHDI,Planetary pressures–adjusted Human Development Index,6.217,2013
SDN,Sudan,mf,Material footprint per capita (tonnes),PHDI,Planetary pressures–adjusted Human Development Index,5.989,2014
SDN,Sudan,mf,Material footprint per capita (tonnes),PHDI,Planetary pressures–adjusted Human Development Index,5.801,2015
SDN,Sudan,mf,Material footprint per capita (tonnes),PHDI,Planetary pressures–adjusted Human Development Index,6.212,2016
SDN,Sudan,mf,Material footprint per capita (tonnes),PHDI,Planetary pressures–adjusted Human Development Index,6.397,2017
SDN,Sudan,mf,Material footprint per capita (tonnes),PHDI,Planetary pressures–adjusted Human Development Index,5.752,2018
SDN,Sudan,mf,Material footprint per capita (tonnes),PHDI,Planetary pressures–adjusted Human Development Index,4.551,2019
SDN,Sudan,mf,Material footprint per capita (tonnes),PHDI,Planetary pressures–adjusted Human Development Index,4.610,2020
SDN,Sudan,mf,Material footprint per capita (tonnes),PHDI,Planetary pressures–adjusted Human Development Index,4.668,2021
SDN,Sudan,mf,Material footprint per capita (tonnes),PHDI,Planetary pressures–adjusted Human Development Index,4.292,2022
SDN,Sudan,mmr,"Maternal Mortality Ratio (deaths per 100,000 live births)",GII,Gender Inequality Index,980.400,1990
SDN,Sudan,mmr,"Maternal Mortality Ratio (deaths per 100,000 live births)",GII,Gender Inequality Index,963.903,1991
SDN,Sudan,mmr,"Maternal Mortality Ratio (deaths per 100,000 live births)",GII,Gender Inequality Index,1125.183,1992
SDN,Sudan,mmr,"Maternal Mortality Ratio (deaths per 100,000 live births)",GII,Gender Inequality Index,1100.822,1993
SDN,Sudan,mmr,"Maternal Mortality Ratio (deaths per 100,000 live births)",GII,Gender Inequality Index,770.846,1994
SDN,Sudan,mmr,"Maternal Mortality Ratio (deaths per 100,000 live births)",GII,Gender Inequality Index,893.179,1995
SDN,Sudan,mmr,"Maternal Mortality Ratio (deaths per 100,000 live births)",GII,Gender Inequality Index,858.029,1996
SDN,Sudan,mmr,"Maternal Mortality Ratio (deaths per 100,000 live births)",GII,Gender Inequality Index,840.415,1997
SDN,Sudan,mmr,"Maternal Mortality Ratio (deaths per 100,000 live births)",GII,Gender Inequality Index,972.624,1998
SDN,Sudan,mmr,"Maternal Mortality Ratio (deaths per 100,000 live births)",GII,Gender Inequality Index,692.524,1999
SDN,Sudan,mmr,"Maternal Mortality Ratio (deaths per 100,000 live births)",GII,Gender Inequality Index,642.185,2000
SDN,Sudan,mmr,"Maternal Mortality Ratio (deaths per 100,000 live births)",GII,Gender Inequality Index,636.004,2001
SDN,Sudan,mmr,"Maternal Mortality Ratio (deaths per 100,000 live births)",GII,Gender Inequality Index,624.442,2002
SDN,Sudan,mmr,"Maternal Mortality Ratio (deaths per 100,000 live births)",GII,Gender Inequality Index,597.709,2003
SDN,Sudan,mmr,"Maternal Mortality Ratio (deaths per 100,000 live births)",GII,Gender Inequality Index,563.764,2004
SDN,Sudan,mmr,"Maternal Mortality Ratio (deaths per 100,000 live births)",GII,Gender Inequality Index,525.304,2005
SDN,Sudan,mmr,"Maternal Mortality Ratio (deaths per 100,000 live births)",GII,Gender Inequality Index,498.882,2006
SDN,Sudan,mmr,"Maternal Mortality Ratio (deaths per 100,000 live births)",GII,Gender Inequality Index,443.032,2007
SDN,Sudan,mmr,"Maternal Mortality Ratio (deaths per 100,000 live births)",GII,Gender Inequality Index,450.032,2008
SDN,Sudan,mmr,"Maternal Mortality Ratio (deaths per 100,000 live births)",GII,Gender Inequality Index,394.131,2009
SDN,Sudan,mmr,"Maternal Mortality Ratio (deaths per 100,000 live births)",GII,Gender Inequality Index,383.378,2010
SDN,Sudan,mmr,"Maternal Mortality Ratio (deaths per 100,000 live births)",GII,Gender Inequality Index,353.953,2011
SDN,Sudan,mmr,"Maternal Mortality Ratio (deaths per 100,000 live births)",GII,Gender Inequality Index,329.516,2012
SDN,Sudan,mmr,"Maternal Mortality Ratio (deaths per 100,000 live births)",GII,Gender Inequality Index,322.910,2013
SDN,Sudan,mmr,"Maternal Mortality Ratio (deaths per 100,000 live births)",GII,Gender Inequality Index,300.790,2014
SDN,Sudan,mmr,"Maternal Mortality Ratio (deaths per 100,000 live births)",GII,Gender Inequality Index,298.293,2015
SDN,Sudan,mmr,"Maternal Mortality Ratio (deaths per 100,000 live births)",GII,Gender Inequality Index,301.449,2016
SDN,Sudan,mmr,"Maternal Mortality Ratio (deaths per 100,000 live births)",GII,Gender Inequality Index,289.641,2017
SDN,Sudan,mmr,"Maternal Mortality Ratio (deaths per 100,000 live births)",GII,Gender Inequality Index,292.992,2018
SDN,Sudan,mmr,"Maternal Mortality Ratio (deaths per 100,000 live births)",GII,Gender Inequality Index,297.986,2019
SDN,Sudan,mmr,"Maternal Mortality Ratio (deaths per 100,000 live births)",GII,Gender Inequality Index,270.355,2020
SDN,Sudan,mmr,"Maternal Mortality Ratio (deaths per 100,000 live births)",GII,Gender Inequality Index,270.355,2021
SDN,Sudan,mmr,"Maternal Mortality Ratio (deaths per 100,000 live births)",GII,Gender Inequality Index,270.355,2022
SDN,Sudan,mpi_rank,MPI Value (Range: 0 to 1),MPI,Multidimensional Poverty Index,0.279,2014
SDN,Sudan,mys,Mean Years of Schooling (years),HDI,Human Development Index,1.5,1990
SDN,Sudan,mys,Mean Years of Schooling (years),HDI,Human Development Index,1.594,1991
SDN,Sudan,mys,Mean Years of Schooling (years),HDI,Human Development Index,1.688,1992
SDN,Sudan,mys,Mean Years of Schooling (years),HDI,Human Development Index,1.782,1993
SDN,Sudan,mys,Mean Years of Schooling (years),HDI,Human Development Index,1.876,1994
SDN,Sudan,mys,Mean Years of Schooling (years),HDI,Human Development Index,1.97,1995
SDN,Sudan,mys,Mean Years of Schooling (years),HDI,Human Development Index,2.064,1996
SDN,Sudan,mys,Mean Years of Schooling (years),HDI,Human Development Index,2.158,1997
SDN,Sudan,mys,Mean Years of Schooling (years),HDI,Human Development Index,2.252,1998
SDN,Sudan,mys,Mean Years of Schooling (years),HDI,Human Development Index,2.346,1999
SDN,Sudan,mys,Mean Years of Schooling (years),HDI,Human Development Index,2.44,2000
SDN,Sudan,mys,Mean Years of Schooling (years),HDI,Human Development Index,2.538,2001
SDN,Sudan,mys,Mean Years of Schooling (years),HDI,Human Development Index,2.636,2002
SDN,Sudan,mys,Mean Years of Schooling (years),HDI,Human Development Index,2.734,2003
SDN,Sudan,mys,Mean Years of Schooling (years),HDI,Human Development Index,2.832,2004
SDN,Sudan,mys,Mean Years of Schooling (years),HDI,Human Development Index,2.93,2005
SDN,Sudan,mys,Mean Years of Schooling (years),HDI,Human Development Index,2.97,2006
SDN,Sudan,mys,Mean Years of Schooling (years),HDI,Human Development Index,3.01,2007
SDN,Sudan,mys,Mean Years of Schooling (years),HDI,Human Development Index,3.05,2008
SDN,Sudan,mys,Mean Years of Schooling (years),HDI,Human Development Index,3.09,2009
SDN,Sudan,mys,Mean Years of Schooling (years),HDI,Human Development Index,3.13,2010
SDN,Sudan,mys,Mean Years of Schooling (years),HDI,Human Development Index,3.228,2011
SDN,Sudan,mys,Mean Years of Schooling (years),HDI,Human Development Index,3.326,2012
SDN,Sudan,mys,Mean Years of Schooling (years),HDI,Human Development Index,3.424,2013
SDN,Sudan,mys,Mean Years of Schooling (years),HDI,Human Development Index,3.522,2014
SDN,Sudan,mys,Mean Years of Schooling (years),HDI,Human Development Index,3.62,2015
SDN,Sudan,mys,Mean Years of Schooling (years),HDI,Human Development Index,3.67,2016
SDN,Sudan,mys,Mean Years of Schooling (years),HDI,Human Development Index,3.72,2017
SDN,Sudan,mys,Mean Years of Schooling (years),HDI,Human Development Index,3.77,2018
SDN,Sudan,mys,Mean Years of Schooling (years),HDI,Human Development Index,3.82,2019
SDN,Sudan,mys,Mean Years of Schooling (years),HDI,Human Development Index,3.87,2020
SDN,Sudan,mys,Mean Years of Schooling (years),HDI,Human Development Index,3.87,2021
SDN,Sudan,mys,Mean Years of Schooling (years),HDI,Human Development Index,3.87,2022
SDN,Sudan,mys_f,"Mean Years of Schooling, female (years)",GDI,Gender Development Index,0.85,1990
SDN,Sudan,mys_f,"Mean Years of Schooling, female (years)",GDI,Gender Development Index,0.938,1991
SDN,Sudan,mys_f,"Mean Years of Schooling, female (years)",GDI,Gender Development Index,1.026,1992
SDN,Sudan,mys_f,"Mean Years of Schooling, female (years)",GDI,Gender Development Index,1.114,1993
SDN,Sudan,mys_f,"Mean Years of Schooling, female (years)",GDI,Gender Development Index,1.202,1994
SDN,Sudan,mys_f,"Mean Years of Schooling, female (years)",GDI,Gender Development Index,1.29,1995
SDN,Sudan,mys_f,"Mean Years of Schooling, female (years)",GDI,Gender Development Index,1.382,1996
SDN,Sudan,mys_f,"Mean Years of Schooling, female (years)",GDI,Gender Development Index,1.474,1997
SDN,Sudan,mys_f,"Mean Years of Schooling, female (years)",GDI,Gender Development Index,1.566,1998
SDN,Sudan,mys_f,"Mean Years of Schooling, female (years)",GDI,Gender Development Index,1.658,1999
SDN,Sudan,mys_f,"Mean Years of Schooling, female (years)",GDI,Gender Development Index,1.75,2000
SDN,Sudan,mys_f,"Mean Years of Schooling, female (years)",GDI,Gender Development Index,1.85,2001
SDN,Sudan,mys_f,"Mean Years of Schooling, female (years)",GDI,Gender Development Index,1.95,2002
SDN,Sudan,mys_f,"Mean Years of Schooling, female (years)",GDI,Gender Development Index,2.05,2003
SDN,Sudan,mys_f,"Mean Years of Schooling, female (years)",GDI,Gender Development Index,2.15,2004
SDN,Sudan,mys_f,"Mean Years of Schooling, female (years)",GDI,Gender Development Index,2.25,2005
SDN,Sudan,mys_f,"Mean Years of Schooling, female (years)",GDI,Gender Development Index,2.302,2006
SDN,Sudan,mys_f,"Mean Years of Schooling, female (years)",GDI,Gender Development Index,2.354,2007
SDN,Sudan,mys_f,"Mean Years of Schooling, female (years)",GDI,Gender Development Index,2.406,2008
SDN,Sudan,mys_f,"Mean Years of Schooling, female (years)",GDI,Gender Development Index,2.458,2009
SDN,Sudan,mys_f,"Mean Years of Schooling, female (years)",GDI,Gender Development Index,2.51,2010
SDN,Sudan,mys_f,"Mean Years of Schooling, female (years)",GDI,Gender Development Index,2.63,2011
SDN,Sudan,mys_f,"Mean Years of Schooling, female (years)",GDI,Gender Development Index,2.75,2012
SDN,Sudan,mys_f,"Mean Years of Schooling, female (years)",GDI,Gender Development Index,2.87,2013
SDN,Sudan,mys_f,"Mean Years of Schooling, female (years)",GDI,Gender Development Index,2.99,2014
SDN,Sudan,mys_f,"Mean Years of Schooling, female (years)",GDI,Gender Development Index,3.11,2015
SDN,Sudan,mys_f,"Mean Years of Schooling, female (years)",GDI,Gender Development Index,3.188,2016
SDN,Sudan,mys_f,"Mean Years of Schooling, female (years)",GDI,Gender Development Index,3.266,2017
SDN,Sudan,mys_f,"Mean Years of Schooling, female (years)",GDI,Gender Development Index,3.344,2018
SDN,Sudan,mys_f,"Mean Years of Schooling, female (years)",GDI,Gender Development Index,3.422,2019
SDN,Sudan,mys_f,"Mean Years of Schooling, female (years)",GDI,Gender Development Index,3.5,2020
SDN,Sudan,mys_f,"Mean Years of Schooling, female (years)",GDI,Gender Development Index,3.5,2021
SDN,Sudan,mys_f,"Mean Years of Schooling, female (years)",GDI,Gender Development Index,3.5,2022
SDN,Sudan,mys_m,"Mean Years of Schooling, male (years)",GDI,Gender Development Index,2.22,1990
SDN,Sudan,mys_m,"Mean Years of Schooling, male (years)",GDI,Gender Development Index,2.328,1991
SDN,Sudan,mys_m,"Mean Years of Schooling, male (years)",GDI,Gender Development Index,2.436,1992
SDN,Sudan,mys_m,"Mean Years of Schooling, male (years)",GDI,Gender Development Index,2.544,1993
SDN,Sudan,mys_m,"Mean Years of Schooling, male (years)",GDI,Gender Development Index,2.652,1994
SDN,Sudan,mys_m,"Mean Years of Schooling, male (years)",GDI,Gender Development Index,2.76,1995
SDN,Sudan,mys_m,"Mean Years of Schooling, male (years)",GDI,Gender Development Index,2.852,1996
SDN,Sudan,mys_m,"Mean Years of Schooling, male (years)",GDI,Gender Development Index,2.944,1997
SDN,Sudan,mys_m,"Mean Years of Schooling, male (years)",GDI,Gender Development Index,3.036,1998
SDN,Sudan,mys_m,"Mean Years of Schooling, male (years)",GDI,Gender Development Index,3.128,1999
SDN,Sudan,mys_m,"Mean Years of Schooling, male (years)",GDI,Gender Development Index,3.22,2000
SDN,Sudan,mys_m,"Mean Years of Schooling, male (years)",GDI,Gender Development Index,3.292,2001
SDN,Sudan,mys_m,"Mean Years of Schooling, male (years)",GDI,Gender Development Index,3.364,2002
SDN,Sudan,mys_m,"Mean Years of Schooling, male (years)",GDI,Gender Development Index,3.436,2003
SDN,Sudan,mys_m,"Mean Years of Schooling, male (years)",GDI,Gender Development Index,3.508,2004
SDN,Sudan,mys_m,"Mean Years of Schooling, male (years)",GDI,Gender Development Index,3.58,2005
SDN,Sudan,mys_m,"Mean Years of Schooling, male (years)",GDI,Gender Development Index,3.63,2006
SDN,Sudan,mys_m,"Mean Years of Schooling, male (years)",GDI,Gender Development Index,3.68,2007
SDN,Sudan,mys_m,"Mean Years of Schooling, male (years)",GDI,Gender Development Index,3.73,2008
SDN,Sudan,mys_m,"Mean Years of Schooling, male (years)",GDI,Gender Development Index,3.78,2009
SDN,Sudan,mys_m,"Mean Years of Schooling, male (years)",GDI,Gender Development Index,3.83,2010
SDN,Sudan,mys_m,"Mean Years of Schooling, male (years)",GDI,Gender Development Index,3.89,2011
SDN,Sudan,mys_m,"Mean Years of Schooling, male (years)",GDI,Gender Development Index,3.95,2012
SDN,Sudan,mys_m,"Mean Years of Schooling, male (years)",GDI,Gender Development Index,4.01,2013
SDN,Sudan,mys_m,"Mean Years of Schooling, male (years)",GDI,Gender Development Index,4.07,2014
SDN,Sudan,mys_m,"Mean Years of Schooling, male (years)",GDI,Gender Development Index,4.13,2015
SDN,Sudan,mys_m,"Mean Years of Schooling, male (years)",GDI,Gender Development Index,4.15,2016
SDN,Sudan,mys_m,"Mean Years of Schooling, male (years)",GDI,Gender Development Index,4.17,2017
SDN,Sudan,mys_m,"Mean Years of Schooling, male (years)",GDI,Gender Development Index,4.19,2018
SDN,Sudan,mys_m,"Mean Years of Schooling, male (years)",GDI,Gender Development Index,4.21,2019
SDN,Sudan,mys_m,"Mean Years of Schooling, male (years)",GDI,Gender Development Index,4.23,2020
SDN,Sudan,mys_m,"Mean Years of Schooling, male (years)",GDI,Gender Development Index,4.23,2021
SDN,Sudan,mys_m,"Mean Years of Schooling, male (years)",GDI,Gender Development Index,4.23,2022
SDN,Sudan,nutrition,Nutrition (%),MPI,Multidimensional Poverty Index,17.744,2014
SDN,Sudan,pr_f,"Share of seats in parliament, female (% held by women)",GII,Gender Inequality Index,5.25,1990
SDN,Sudan,pr_f,"Share of seats in parliament, female (% held by women)",GII,Gender Inequality Index,5.25,1991
SDN,Sudan,pr_f,"Share of seats in parliament, female (% held by women)",GII,Gender Inequality Index,5.25,1992
SDN,Sudan,pr_f,"Share of seats in parliament, female (% held by women)",GII,Gender Inequality Index,5.25,1993
SDN,Sudan,pr_f,"Share of seats in parliament, female (% held by women)",GII,Gender Inequality Index,5.25,1994
SDN,Sudan,pr_f,"Share of seats in parliament, female (% held by women)",GII,Gender Inequality Index,5.25,1995
SDN,Sudan,pr_f,"Share of seats in parliament, female (% held by women)",GII,Gender Inequality Index,5.25,1996
SDN,Sudan,pr_f,"Share of seats in parliament, female (% held by women)",GII,Gender Inequality Index,5.25,1997
SDN,Sudan,pr_f,"Share of seats in parliament, female (% held by women)",GII,Gender Inequality Index,5.25,1998
SDN,Sudan,pr_f,"Share of seats in parliament, female (% held by women)",GII,Gender Inequality Index,5.25,1999
SDN,Sudan,pr_f,"Share of seats in parliament, female (% held by women)",GII,Gender Inequality Index,5.25,2000
SDN,Sudan,pr_f,"Share of seats in parliament, female (% held by women)",GII,Gender Inequality Index,9.722,2001
SDN,Sudan,pr_f,"Share of seats in parliament, female (% held by women)",GII,Gender Inequality Index,9.722,2002
SDN,Sudan,pr_f,"Share of seats in parliament, female (% held by women)",GII,Gender Inequality Index,9.722,2003
SDN,Sudan,pr_f,"Share of seats in parliament, female (% held by women)",GII,Gender Inequality Index,9.722,2004
SDN,Sudan,pr_f,"Share of seats in parliament, female (% held by women)",GII,Gender Inequality Index,13.6,2005
SDN,Sudan,pr_f,"Share of seats in parliament, female (% held by women)",GII,Gender Inequality Index,16.4,2006
SDN,Sudan,pr_f,"Share of seats in parliament, female (% held by women)",GII,Gender Inequality Index,16.836,2007
SDN,Sudan,pr_f,"Share of seats in parliament, female (% held by women)",GII,Gender Inequality Index,16.836,2008
SDN,Sudan,pr_f,"Share of seats in parliament, female (% held by women)",GII,Gender Inequality Index,17.611,2009
SDN,Sudan,pr_f,"Share of seats in parliament, female (% held by women)",GII,Gender Inequality Index,24.187,2010
SDN,Sudan,pr_f,"Share of seats in parliament, female (% held by women)",GII,Gender Inequality Index,24.084,2011
SDN,Sudan,pr_f,"Share of seats in parliament, female (% held by women)",GII,Gender Inequality Index,24.084,2012
SDN,Sudan,pr_f,"Share of seats in parliament, female (% held by women)",GII,Gender Inequality Index,24.084,2013
SDN,Sudan,pr_f,"Share of seats in parliament, female (% held by women)",GII,Gender Inequality Index,23.760,2014
SDN,Sudan,pr_f,"Share of seats in parliament, female (% held by women)",GII,Gender Inequality Index,31.042,2015
SDN,Sudan,pr_f,"Share of seats in parliament, female (% held by women)",GII,Gender Inequality Index,31.042,2016
SDN,Sudan,pr_f,"Share of seats in parliament, female (% held by women)",GII,Gender Inequality Index,31.042,2017
SDN,Sudan,pr_f,"Share of seats in parliament, female (% held by women)",GII,Gender Inequality Index,31.042,2018
SDN,Sudan,pr_f,"Share of seats in parliament, female (% held by women)",GII,Gender Inequality Index,31.042,2019
SDN,Sudan,pr_f,"Share of seats in parliament, female (% held by women)",GII,Gender Inequality Index,31.042,2020
SDN,Sudan,pr_f,"Share of seats in parliament, female (% held by women)",GII,Gender Inequality Index,31.042,2021
SDN,Sudan,pr_f,"Share of seats in parliament, female (% held by women)",GII,Gender Inequality Index,31.042,2022
SDN,Sudan,pr_m,"Share of seats in parliament, male (% held by men)",GII,Gender Inequality Index,94.75,1990
SDN,Sudan,pr_m,"Share of seats in parliament, male (% held by men)",GII,Gender Inequality Index,94.75,1991
SDN,Sudan,pr_m,"Share of seats in parliament, male (% held by men)",GII,Gender Inequality Index,94.75,1992
SDN,Sudan,pr_m,"Share of seats in parliament, male (% held by men)",GII,Gender Inequality Index,94.75,1993
SDN,Sudan,pr_m,"Share of seats in parliament, male (% held by men)",GII,Gender Inequality Index,94.75,1994
SDN,Sudan,pr_m,"Share of seats in parliament, male (% held by men)",GII,Gender Inequality Index,94.75,1995
SDN,Sudan,pr_m,"Share of seats in parliament, male (% held by men)",GII,Gender Inequality Index,94.75,1996
SDN,Sudan,pr_m,"Share of seats in parliament, male (% held by men)",GII,Gender Inequality Index,94.75,1997
SDN,Sudan,pr_m,"Share of seats in parliament, male (% held by men)",GII,Gender Inequality Index,94.75,1998
SDN,Sudan,pr_m,"Share of seats in parliament, male (% held by men)",GII,Gender Inequality Index,94.75,1999
SDN,Sudan,pr_m,"Share of seats in parliament, male (% held by men)",GII,Gender Inequality Index,94.75,2000
SDN,Sudan,pr_m,"Share of seats in parliament, male (% held by men)",GII,Gender Inequality Index,90.278,2001
SDN,Sudan,pr_m,"Share of seats in parliament, male (% held by men)",GII,Gender Inequality Index,90.278,2002
SDN,Sudan,pr_m,"Share of seats in parliament, male (% held by men)",GII,Gender Inequality Index,90.278,2003
SDN,Sudan,pr_m,"Share of seats in parliament, male (% held by men)",GII,Gender Inequality Index,90.278,2004
SDN,Sudan,pr_m,"Share of seats in parliament, male (% held by men)",GII,Gender Inequality Index,86.4,2005
SDN,Sudan,pr_m,"Share of seats in parliament, male (% held by men)",GII,Gender Inequality Index,83.6,2006
SDN,Sudan,pr_m,"Share of seats in parliament, male (% held by men)",GII,Gender Inequality Index,83.164,2007
SDN,Sudan,pr_m,"Share of seats in parliament, male (% held by men)",GII,Gender Inequality Index,83.164,2008
SDN,Sudan,pr_m,"Share of seats in parliament, male (% held by men)",GII,Gender Inequality Index,82.389,2009
SDN,Sudan,pr_m,"Share of seats in parliament, male (% held by men)",GII,Gender Inequality Index,75.813,2010
SDN,Sudan,pr_m,"Share of seats in parliament, male (% held by men)",GII,Gender Inequality Index,75.916,2011
SDN,Sudan,pr_m,"Share of seats in parliament, male (% held by men)",GII,Gender Inequality Index,75.916,2012
SDN,Sudan,pr_m,"Share of seats in parliament, male (% held by men)",GII,Gender Inequality Index,75.916,2013
SDN,Sudan,pr_m,"Share of seats in parliament, male (% held by men)",GII,Gender Inequality Index,76.240,2014
SDN,Sudan,pr_m,"Share of seats in parliament, male (% held by men)",GII,Gender Inequality Index,68.958,2015
SDN,Sudan,pr_m,"Share of seats in parliament, male (% held by men)",GII,Gender Inequality Index,68.958,2016
SDN,Sudan,pr_m,"Share of seats in parliament, male (% held by men)",GII,Gender Inequality Index,68.958,2017
SDN,Sudan,pr_m,"Share of seats in parliament, male (% held by men)",GII,Gender Inequality Index,68.958,2018
SDN,Sudan,pr_m,"Share of seats in parliament, male (% held by men)",GII,Gender Inequality Index,68.958,2019
SDN,Sudan,pr_m,"Share of seats in parliament, male (% held by men)",GII,Gender Inequality Index,68.958,2020
SDN,Sudan,pr_m,"Share of seats in parliament, male (% held by men)",GII,Gender Inequality Index,68.958,2021
SDN,Sudan,pr_m,"Share of seats in parliament, male (% held by men)",GII,Gender Inequality Index,68.958,2022
SDN,Sudan,rankdiff_hdi_phdi,Difference from HDI rank,PHDI,Planetary pressures–adjusted Human Development Index,2,2022
SDN,Sudan,sanitation,Sanitation (%),MPI,Multidimensional Poverty Index,9.158,2014
SDN,Sudan,school_attendance,School attendance (%),MPI,Multidimensional Poverty Index,13.044,2014
SDN,Sudan,se_f,"Population with at least some secondary education, female (% ages 25 and older)",GII,Gender Inequality Index,3.87,1990
SDN,Sudan,se_f,"Population with at least some secondary education, female (% ages 25 and older)",GII,Gender Inequality Index,4.378,1991
SDN,Sudan,se_f,"Population with at least some secondary education, female (% ages 25 and older)",GII,Gender Inequality Index,4.886,1992
SDN,Sudan,se_f,"Population with at least some secondary education, female (% ages 25 and older)",GII,Gender Inequality Index,5.394,1993
SDN,Sudan,se_f,"Population with at least some secondary education, female (% ages 25 and older)",GII,Gender Inequality Index,5.902,1994
SDN,Sudan,se_f,"Population with at least some secondary education, female (% ages 25 and older)",GII,Gender Inequality Index,6.41,1995
SDN,Sudan,se_f,"Population with at least some secondary education, female (% ages 25 and older)",GII,Gender Inequality Index,6.954,1996
SDN,Sudan,se_f,"Population with at least some secondary education, female (% ages 25 and older)",GII,Gender Inequality Index,7.498,1997
SDN,Sudan,se_f,"Population with at least some secondary education, female (% ages 25 and older)",GII,Gender Inequality Index,8.042,1998
SDN,Sudan,se_f,"Population with at least some secondary education, female (% ages 25 and older)",GII,Gender Inequality Index,8.586,1999
SDN,Sudan,se_f,"Population with at least some secondary education, female (% ages 25 and older)",GII,Gender Inequality Index,9.13,2000
SDN,Sudan,se_f,"Population with at least some secondary education, female (% ages 25 and older)",GII,Gender Inequality Index,9.5,2001
SDN,Sudan,se_f,"Population with at least some secondary education, female (% ages 25 and older)",GII,Gender Inequality Index,9.87,2002
SDN,Sudan,se_f,"Population with at least some secondary education, female (% ages 25 and older)",GII,Gender Inequality Index,10.24,2003
SDN,Sudan,se_f,"Population with at least some secondary education, female (% ages 25 and older)",GII,Gender Inequality Index,10.61,2004
SDN,Sudan,se_f,"Population with at least some secondary education, female (% ages 25 and older)",GII,Gender Inequality Index,10.98,2005
SDN,Sudan,se_f,"Population with at least some secondary education, female (% ages 25 and older)",GII,Gender Inequality Index,11.204,2006
SDN,Sudan,se_f,"Population with at least some secondary education, female (% ages 25 and older)",GII,Gender Inequality Index,11.428,2007
SDN,Sudan,se_f,"Population with at least some secondary education, female (% ages 25 and older)",GII,Gender Inequality Index,11.652,2008
SDN,Sudan,se_f,"Population with at least some secondary education, female (% ages 25 and older)",GII,Gender Inequality Index,11.876,2009
SDN,Sudan,se_f,"Population with at least some secondary education, female (% ages 25 and older)",GII,Gender Inequality Index,12.1,2010
SDN,Sudan,se_f,"Population with at least some secondary education, female (% ages 25 and older)",GII,Gender Inequality Index,12.5,2011
SDN,Sudan,se_f,"Population with at least some secondary education, female (% ages 25 and older)",GII,Gender Inequality Index,12.9,2012
SDN,Sudan,se_f,"Population with at least some secondary education, female (% ages 25 and older)",GII,Gender Inequality Index,13.3,2013
SDN,Sudan,se_f,"Population with at least some secondary education, female (% ages 25 and older)",GII,Gender Inequality Index,13.7,2014
SDN,Sudan,se_f,"Population with at least some secondary education, female (% ages 25 and older)",GII,Gender Inequality Index,14.1,2015
SDN,Sudan,se_f,"Population with at least some secondary education, female (% ages 25 and older)",GII,Gender Inequality Index,14.68,2016
SDN,Sudan,se_f,"Population with at least some secondary education, female (% ages 25 and older)",GII,Gender Inequality Index,15.26,2017
SDN,Sudan,se_f,"Population with at least some secondary education, female (% ages 25 and older)",GII,Gender Inequality Index,15.84,2018
SDN,Sudan,se_f,"Population with at least some secondary education, female (% ages 25 and older)",GII,Gender Inequality Index,16.42,2019
SDN,Sudan,se_f,"Population with at least some secondary education, female (% ages 25 and older)",GII,Gender Inequality Index,17,2020
SDN,Sudan,se_f,"Population with at least some secondary education, female (% ages 25 and older)",GII,Gender Inequality Index,17,2021
SDN,Sudan,se_f,"Population with at least some secondary education, female (% ages 25 and older)",GII,Gender Inequality Index,17,2022
SDN,Sudan,se_m,"Population with at least some secondary education, male (% ages 25 and older)",GII,Gender Inequality Index,10.65,1990
SDN,Sudan,se_m,"Population with at least some secondary education, male (% ages 25 and older)",GII,Gender Inequality Index,11.206,1991
SDN,Sudan,se_m,"Population with at least some secondary education, male (% ages 25 and older)",GII,Gender Inequality Index,11.762,1992
SDN,Sudan,se_m,"Population with at least some secondary education, male (% ages 25 and older)",GII,Gender Inequality Index,12.318,1993
SDN,Sudan,se_m,"Population with at least some secondary education, male (% ages 25 and older)",GII,Gender Inequality Index,12.874,1994
SDN,Sudan,se_m,"Population with at least some secondary education, male (% ages 25 and older)",GII,Gender Inequality Index,13.43,1995
SDN,Sudan,se_m,"Population with at least some secondary education, male (% ages 25 and older)",GII,Gender Inequality Index,13.998,1996
SDN,Sudan,se_m,"Population with at least some secondary education, male (% ages 25 and older)",GII,Gender Inequality Index,14.566,1997
SDN,Sudan,se_m,"Population with at least some secondary education, male (% ages 25 and older)",GII,Gender Inequality Index,15.134,1998
SDN,Sudan,se_m,"Population with at least some secondary education, male (% ages 25 and older)",GII,Gender Inequality Index,15.702,1999
SDN,Sudan,se_m,"Population with at least some secondary education, male (% ages 25 and older)",GII,Gender Inequality Index,16.27,2000
SDN,Sudan,se_m,"Population with at least some secondary education, male (% ages 25 and older)",GII,Gender Inequality Index,16.578,2001
SDN,Sudan,se_m,"Population with at least some secondary education, male (% ages 25 and older)",GII,Gender Inequality Index,16.886,2002
SDN,Sudan,se_m,"Population with at least some secondary education, male (% ages 25 and older)",GII,Gender Inequality Index,17.194,2003
SDN,Sudan,se_m,"Population with at least some secondary education, male (% ages 25 and older)",GII,Gender Inequality Index,17.502,2004
SDN,Sudan,se_m,"Population with at least some secondary education, male (% ages 25 and older)",GII,Gender Inequality Index,17.81,2005
SDN,Sudan,se_m,"Population with at least some secondary education, male (% ages 25 and older)",GII,Gender Inequality Index,17.896,2006
SDN,Sudan,se_m,"Population with at least some secondary education, male (% ages 25 and older)",GII,Gender Inequality Index,17.982,2007
SDN,Sudan,se_m,"Population with at least some secondary education, male (% ages 25 and older)",GII,Gender Inequality Index,18.068,2008
SDN,Sudan,se_m,"Population with at least some secondary education, male (% ages 25 and older)",GII,Gender Inequality Index,18.154,2009
SDN,Sudan,se_m,"Population with at least some secondary education, male (% ages 25 and older)",GII,Gender Inequality Index,18.24,2010
SDN,Sudan,se_m,"Population with at least some secondary education, male (% ages 25 and older)",GII,Gender Inequality Index,18.392,2011
SDN,Sudan,se_m,"Population with at least some secondary education, male (% ages 25 and older)",GII,Gender Inequality Index,18.544,2012
SDN,Sudan,se_m,"Population with at least some secondary education, male (% ages 25 and older)",GII,Gender Inequality Index,18.696,2013
SDN,Sudan,se_m,"Population with at least some secondary education, male (% ages 25 and older)",GII,Gender Inequality Index,18.848,2014
SDN,Sudan,se_m,"Population with at least some secondary education, male (% ages 25 and older)",GII,Gender Inequality Index,19,2015
SDN,Sudan,se_m,"Population with at least some secondary education, male (% ages 25 and older)",GII,Gender Inequality Index,19.28,2016
SDN,Sudan,se_m,"Population with at least some secondary education, male (% ages 25 and older)",GII,Gender Inequality Index,19.56,2017
SDN,Sudan,se_m,"Population with at least some secondary education, male (% ages 25 and older)",GII,Gender Inequality Index,19.84,2018
SDN,Sudan,se_m,"Population with at least some secondary education, male (% ages 25 and older)",GII,Gender Inequality Index,20.12,2019
SDN,Sudan,se_m,"Population with at least some secondary education, male (% ages 25 and older)",GII,Gender Inequality Index,20.4,2020
SDN,Sudan,se_m,"Population with at least some secondary education, male (% ages 25 and older)",GII,Gender Inequality Index,20.4,2021
SDN,Sudan,se_m,"Population with at least some secondary education, male (% ages 25 and older)",GII,Gender Inequality Index,20.4,2022
SDN,Sudan,years_of_schooling,Years of schooling (%),MPI,Multidimensional Poverty Index,16.107,2014
